week_start_date,product_id,store_id_or_online,target_units,prediction,error,abs_error
2025-12-22,P00879,ONLINE,25.0,3.8218181442165577,-21.178181855783443,21.178181855783443
2025-08-04,P03265,ONLINE,23.0,2.8032542953586366,-20.196745704641362,20.196745704641362
2025-09-01,P03986,S016,25.0,4.83130094915958,-20.16869905084042,20.16869905084042
2025-12-15,P04177,ONLINE,23.0,3.910878191240231,-19.08912180875977,19.08912180875977
2025-11-03,P04109,S008,23.0,4.182735390403405,-18.817264609596595,18.817264609596595
2025-12-01,P02816,ONLINE,22.0,3.199779250084128,-18.800220749915873,18.800220749915873
2025-11-17,P03357,ONLINE,21.0,3.7390831618356604,-17.26091683816434,17.26091683816434
2025-12-15,P02564,S008,22.0,4.7932307834413805,-17.20676921655862,17.20676921655862
2025-12-01,P00073,ONLINE,20.0,3.347998828364485,-16.652001171635515,16.652001171635515
2025-11-10,P00287,ONLINE,20.0,3.451653513815635,-16.548346486184364,16.548346486184364
2025-11-10,P04499,ONLINE,20.0,3.6176628109385547,-16.382337189061445,16.382337189061445
2025-12-08,P01779,S016,21.0,4.7138061725590905,-16.28619382744091,16.28619382744091
2025-12-08,P01237,ONLINE,20.0,3.8952165449362193,-16.10478345506378,16.10478345506378
2025-12-08,P03505,ONLINE,20.0,3.915222614715133,-16.084777385284866,16.084777385284866
2025-10-20,P01003,ONLINE,20.0,3.963560468617477,-16.036439531382523,16.036439531382523
2025-12-15,P03612,ONLINE,20.0,4.199131066488232,-15.800868933511769,15.800868933511769
2025-11-03,P04272,ONLINE,20.0,4.211074159298872,-15.788925840701129,15.788925840701129
2025-12-08,P04498,ONLINE,19.0,3.58783341199114,-15.41216658800886,15.41216658800886
2025-11-03,P01280,ONLINE,19.0,3.682917603725077,-15.317082396274923,15.317082396274923
2025-10-06,P00365,ONLINE,19.0,3.7067294069464145,-15.293270593053585,15.293270593053585
2025-12-22,P02580,ONLINE,19.0,3.8176102582072424,-15.182389741792758,15.182389741792758
2025-11-10,P02691,ONLINE,19.0,3.833884505842541,-15.16611549415746,15.16611549415746
2025-12-08,P03755,ONLINE,19.0,4.0489690731321994,-14.951030926867801,14.951030926867801
2025-12-08,P02972,ONLINE,19.0,4.275764238235844,-14.724235761764156,14.724235761764156
2025-11-17,P00800,ONLINE,18.0,3.414671725376505,-14.585328274623496,14.585328274623496
2025-08-18,P00401,ONLINE,18.0,3.4964798844512934,-14.503520115548707,14.503520115548707
2025-11-24,P02956,ONLINE,18.0,3.498852661276583,-14.501147338723417,14.501147338723417
2025-11-24,P04109,S008,19.0,4.560648001003565,-14.439351998996436,14.439351998996436
2025-11-17,P01361,ONLINE,18.0,3.578096038699063,-14.421903961300938,14.421903961300938
2025-11-03,P04727,ONLINE,18.0,3.57875208127657,-14.42124791872343,14.42124791872343
2025-10-20,P03274,ONLINE,18.0,3.716509826315282,-14.283490173684719,14.283490173684719
2025-11-03,P03101,ONLINE,18.0,3.7350864888802833,-14.264913511119717,14.264913511119717
2025-10-06,P03215,ONLINE,18.0,3.794714792452422,-14.205285207547579,14.205285207547579
2025-12-15,P02593,ONLINE,18.0,3.836987144801364,-14.163012855198636,14.163012855198636
2025-10-13,P03354,ONLINE,18.0,3.85596929381303,-14.144030706186971,14.144030706186971
2025-10-20,P02867,ONLINE,18.0,3.8678719497909912,-14.132128050209008,14.132128050209008
2025-11-10,P04274,ONLINE,18.0,3.8978026320111936,-14.102197367988806,14.102197367988806
2025-12-15,P02008,ONLINE,18.0,3.9967375698460375,-14.003262430153963,14.003262430153963
2025-09-15,P00094,ONLINE,17.0,3.029442130031267,-13.970557869968733,13.970557869968733
2025-12-22,P04282,ONLINE,18.0,4.0843098616478875,-13.915690138352112,13.915690138352112
2025-12-15,P00357,ONLINE,18.0,4.130015155447781,-13.869984844552219,13.869984844552219
2025-10-06,P02295,ONLINE,17.0,3.1478723783170786,-13.852127621682921,13.852127621682921
2025-12-08,P01675,ONLINE,18.0,4.179428468930068,-13.820571531069932,13.820571531069932
2025-11-24,P04245,ONLINE,17.0,3.2217433712986265,-13.778256628701374,13.778256628701374
2025-11-17,P03658,ONLINE,17.0,3.2502299370055416,-13.749770062994457,13.749770062994457
2025-12-01,P02108,ONLINE,17.0,3.2860679996030924,-13.713932000396907,13.713932000396907
2025-11-24,P02995,ONLINE,17.0,3.3498848911669312,-13.650115108833068,13.650115108833068
2025-12-01,P00837,ONLINE,17.0,3.3864305914349644,-13.613569408565036,13.613569408565036
2025-12-15,P04666,ONLINE,17.0,3.394477387830659,-13.605522612169342,13.605522612169342
2025-08-04,P02564,S008,18.0,4.400525005391333,-13.599474994608666,13.599474994608666
2025-11-17,P01131,ONLINE,17.0,3.414218081616588,-13.585781918383411,13.585781918383411
2025-12-08,P03695,ONLINE,17.0,3.4711463303351464,-13.528853669664853,13.528853669664853
2025-11-17,P00443,ONLINE,17.0,3.505140255066318,-13.494859744933681,13.494859744933681
2025-11-10,P01395,ONLINE,17.0,3.5337710821890425,-13.466228917810957,13.466228917810957
2025-10-06,P03818,ONLINE,17.0,3.680659869872508,-13.319340130127491,13.319340130127491
2025-11-17,P01834,ONLINE,17.0,3.6909882318505614,-13.309011768149439,13.309011768149439
2025-08-18,P02308,ONLINE,17.0,3.775803063123489,-13.224196936876512,13.224196936876512
2025-11-03,P04343,ONLINE,17.0,3.7796646906595592,-13.220335309340442,13.220335309340442
2025-11-24,P00272,ONLINE,17.0,3.801386884268197,-13.198613115731803,13.198613115731803
2025-12-08,P04497,ONLINE,17.0,3.8387501047788315,-13.161249895221168,13.161249895221168
2025-12-01,P04363,ONLINE,17.0,3.86352772204275,-13.13647227795725,13.13647227795725
2025-11-10,P00107,ONLINE,17.0,3.933186127368466,-13.066813872631535,13.066813872631535
2025-11-03,P01598,ONLINE,17.0,3.9337503623104073,-13.066249637689593,13.066249637689593
2025-12-08,P01783,ONLINE,17.0,3.95567605157896,-13.04432394842104,13.04432394842104
2025-09-15,P04443,ONLINE,17.0,3.9626089593423885,-13.037391040657612,13.037391040657612
2025-12-01,P00101,ONLINE,17.0,3.967554103148852,-13.032445896851147,13.032445896851147
2025-11-10,P02635,ONLINE,17.0,3.9811522217843827,-13.018847778215617,13.018847778215617
2025-08-11,P04882,ONLINE,16.0,3.000530224684161,-12.99946977531584,12.99946977531584
2025-12-01,P04412,ONLINE,17.0,4.005189518589129,-12.994810481410871,12.994810481410871
2025-12-22,P02007,ONLINE,17.0,4.02032539879806,-12.979674601201939,12.979674601201939
2025-09-08,P01168,ONLINE,16.0,3.038636620058365,-12.961363379941634,12.961363379941634
2025-12-22,P03867,ONLINE,17.0,4.041926589490146,-12.958073410509854,12.958073410509854
2025-11-03,P04491,ONLINE,16.0,3.1451118492613923,-12.854888150738608,12.854888150738608
2025-12-22,P00629,ONLINE,16.0,3.1558253753684546,-12.844174624631545,12.844174624631545
2025-09-01,P02509,ONLINE,16.0,3.160677378326587,-12.839322621673412,12.839322621673412
2025-11-17,P03951,ONLINE,16.0,3.166090469530196,-12.833909530469803,12.833909530469803
2025-10-13,P01750,ONLINE,16.0,3.1764926618104177,-12.823507338189582,12.823507338189582
2025-12-01,P00535,ONLINE,16.0,3.282655807829903,-12.717344192170097,12.717344192170097
2025-12-08,P01645,ONLINE,16.0,3.285686622745463,-12.714313377254538,12.714313377254538
2025-08-11,P00989,ONLINE,16.0,3.335606321808115,-12.664393678191885,12.664393678191885
2025-12-01,P04042,ONLINE,16.0,3.3919731344250157,-12.608026865574985,12.608026865574985
2025-09-08,P01779,ONLINE,16.0,3.404183663792982,-12.595816336207019,12.595816336207019
2025-11-17,P04036,ONLINE,16.0,3.41133507389307,-12.58866492610693,12.58866492610693
2025-12-22,P04310,ONLINE,16.0,3.4416511729606722,-12.558348827039328,12.558348827039328
2025-09-15,P00200,S039,16.0,3.4660622849008704,-12.53393771509913,12.53393771509913
2025-12-22,P04060,ONLINE,16.0,3.479883002597458,-12.520116997402543,12.520116997402543
2025-11-10,P00200,S039,16.0,3.5307788829858153,-12.469221117014184,12.469221117014184
2025-12-22,P01003,ONLINE,16.0,3.5379885007730563,-12.462011499226943,12.462011499226943
2025-12-01,P00146,S052,15.0,2.6051153188608525,-12.394884681139148,12.394884681139148
2025-12-15,P04109,S008,17.0,4.636116528148111,-12.363883471851889,12.363883471851889
2025-11-10,P03695,ONLINE,16.0,3.708610360269765,-12.291389639730236,12.291389639730236
2025-09-22,P00932,ONLINE,16.0,3.7447922563250096,-12.25520774367499,12.25520774367499
2025-12-22,P03658,ONLINE,16.0,3.7553170458530922,-12.244682954146908,12.244682954146908
2025-09-15,P03892,ONLINE,16.0,3.767431835946248,-12.232568164053752,12.232568164053752
2025-11-10,P00572,ONLINE,16.0,3.7785819372676657,-12.221418062732335,12.221418062732335
2025-12-08,P01116,ONLINE,16.0,3.787934024912351,-12.212065975087649,12.212065975087649
2025-11-03,P02174,ONLINE,16.0,3.7937383805009928,-12.206261619499006,12.206261619499006
2025-12-22,P02480,ONLINE,16.0,3.796749805050683,-12.203250194949316,12.203250194949316
2025-12-15,P00524,ONLINE,16.0,3.896229745428693,-12.103770254571307,12.103770254571307
2025-12-22,P04443,ONLINE,16.0,3.896573914802757,-12.103426085197242,12.103426085197242
2025-11-17,P02370,ONLINE,16.0,3.898414815821205,-12.101585184178795,12.101585184178795
2025-09-01,P03250,ONLINE,16.0,3.907996830409389,-12.092003169590612,12.092003169590612
2025-11-03,P02624,ONLINE,16.0,3.9085444476034845,-12.091455552396516,12.091455552396516
2025-09-08,P04001,ONLINE,16.0,3.9482436043649045,-12.051756395635095,12.051756395635095
2025-12-15,P00560,S045,15.0,2.9837412321363566,-12.016258767863643,12.016258767863643
2025-08-18,P04109,S008,16.0,3.985680713261964,-12.014319286738036,12.014319286738036
2025-12-08,P01504,ONLINE,16.0,3.985871871890034,-12.014128128109967,12.014128128109967
2025-11-17,P00287,ONLINE,16.0,4.024747436539961,-11.975252563460039,11.975252563460039
2025-12-15,P00036,S003,15.0,3.044090991145977,-11.955909008854023,11.955909008854023
2025-12-22,P00261,ONLINE,16.0,4.05159235232748,-11.94840764767252,11.94840764767252
2025-11-03,P00556,ONLINE,16.0,4.068288210430514,-11.931711789569487,11.931711789569487
2025-09-15,P04562,ONLINE,15.0,3.084073912957122,-11.915926087042878,11.915926087042878
2025-09-08,P01936,ONLINE,15.0,3.08786048187923,-11.912139518120771,11.912139518120771
2025-09-01,P04482,ONLINE,15.0,3.095497716932781,-11.904502283067218,11.904502283067218
2025-12-01,P00197,ONLINE,16.0,4.111194843924365,-11.888805156075634,11.888805156075634
2025-10-20,P01655,ONLINE,15.0,3.122642486524802,-11.877357513475198,11.877357513475198
2025-11-03,P04490,ONLINE,16.0,4.1517470273005825,-11.848252972699417,11.848252972699417
2025-12-15,P04636,ONLINE,15.0,3.1520378357367322,-11.847962164263269,11.847962164263269
2025-10-13,P01364,ONLINE,15.0,3.164837492508935,-11.835162507491065,11.835162507491065
2025-11-17,P01909,ONLINE,15.0,3.1706468475072302,-11.82935315249277,11.82935315249277
2025-09-01,P04156,ONLINE,15.0,3.1800906553964654,-11.819909344603534,11.819909344603534
2025-12-01,P03290,ONLINE,15.0,3.2213580085505398,-11.77864199144946,11.77864199144946
2025-12-22,P01997,ONLINE,15.0,3.2438900345642083,-11.756109965435792,11.756109965435792
2025-12-08,P04162,ONLINE,16.0,4.244739745913131,-11.755260254086869,11.755260254086869
2025-10-27,P00694,ONLINE,15.0,3.2608254603202704,-11.73917453967973,11.73917453967973
2025-12-22,P04071,ONLINE,15.0,3.263789828752968,-11.736210171247032,11.736210171247032
2025-12-15,P00721,ONLINE,15.0,3.267640504898557,-11.732359495101443,11.732359495101443
2025-12-01,P01003,ONLINE,15.0,3.2729528107839614,-11.727047189216039,11.727047189216039
2025-12-01,P02674,ONLINE,15.0,3.2769140041599534,-11.723085995840046,11.723085995840046
2025-11-10,P04848,ONLINE,15.0,3.2800667907328807,-11.719933209267118,11.719933209267118
2025-12-15,P00089,ONLINE,15.0,3.296717633657455,-11.703282366342545,11.703282366342545
2025-11-10,P02097,ONLINE,15.0,3.2982905601473718,-11.701709439852628,11.701709439852628
2025-12-15,P02575,ONLINE,15.0,3.3010253923894166,-11.698974607610584,11.698974607610584
2025-12-01,P04858,ONLINE,15.0,3.312396209042369,-11.687603790957631,11.687603790957631
2025-12-01,P03357,ONLINE,15.0,3.3600809264297617,-11.639919073570239,11.639919073570239
2025-12-22,P00885,ONLINE,15.0,3.3625563660814657,-11.637443633918535,11.637443633918535
2025-12-01,P02449,ONLINE,15.0,3.3729586267637575,-11.627041373236242,11.627041373236242
2025-11-10,P04179,ONLINE,15.0,3.376849145008414,-11.623150854991586,11.623150854991586
2025-12-01,P04321,ONLINE,15.0,3.3814256178127686,-11.618574382187232,11.618574382187232
2025-11-10,P04695,ONLINE,15.0,3.382247244696728,-11.617752755303272,11.617752755303272
2025-08-04,P03986,S016,16.0,4.384064575502557,-11.615935424497444,11.615935424497444
2025-11-17,P02198,S037,15.0,3.3876726758409066,-11.612327324159093,11.612327324159093
2025-12-22,P01209,ONLINE,15.0,3.3891728650986606,-11.610827134901339,11.610827134901339
2025-11-17,P00154,ONLINE,15.0,3.3928655443150544,-11.607134455684946,11.607134455684946
2025-12-22,P00324,ONLINE,15.0,3.39392395200019,-11.60607604799981,11.60607604799981
2025-11-10,P02312,ONLINE,15.0,3.399657565515462,-11.600342434484539,11.600342434484539
2025-12-22,P00706,ONLINE,15.0,3.4117763554297547,-11.588223644570245,11.588223644570245
2025-12-22,P03205,ONLINE,15.0,3.423489973762776,-11.576510026237223,11.576510026237223
2025-12-01,P04628,ONLINE,15.0,3.431428442964761,-11.56857155703524,11.56857155703524
2025-12-08,P02772,S017,15.0,3.439648393800386,-11.560351606199614,11.560351606199614
2025-11-10,P03468,ONLINE,15.0,3.4404833831834245,-11.559516616816575,11.559516616816575
2025-12-01,P03573,ONLINE,15.0,3.4438259939558713,-11.55617400604413,11.55617400604413
2025-12-01,P00802,ONLINE,15.0,3.4582746828052864,-11.541725317194715,11.541725317194715
2025-11-03,P02069,ONLINE,15.0,3.469376631978384,-11.530623368021615,11.530623368021615
2025-09-29,P00979,ONLINE,15.0,3.4790726260772002,-11.520927373922799,11.520927373922799
2025-12-08,P04346,ONLINE,15.0,3.482548722133977,-11.517451277866023,11.517451277866023
2025-11-03,P03304,ONLINE,15.0,3.4911994457296784,-11.508800554270321,11.508800554270321
2025-11-10,P03651,ONLINE,15.0,3.5026296599216424,-11.497370340078358,11.497370340078358
2025-12-08,P04171,ONLINE,15.0,3.5078627763119328,-11.492137223688067,11.492137223688067
2025-12-08,P01418,ONLINE,15.0,3.514371039239404,-11.485628960760597,11.485628960760597
2025-12-08,P04166,ONLINE,15.0,3.5675521841258706,-11.432447815874129,11.432447815874129
2025-10-13,P02516,S038,14.0,2.6190761937338456,-11.380923806266154,11.380923806266154
2025-12-08,P03365,ONLINE,15.0,3.6564929309822456,-11.343507069017754,11.343507069017754
2025-10-27,P03070,S017,15.0,3.68845738358275,-11.311542616417249,11.311542616417249
2025-12-22,P00644,ONLINE,15.0,3.6944051464589647,-11.305594853541034,11.305594853541034
2025-11-24,P00566,ONLINE,15.0,3.6947624134637103,-11.30523758653629,11.30523758653629
2025-08-04,P01779,S016,16.0,4.700826333245385,-11.299173666754616,11.299173666754616
2025-09-08,P04109,S008,16.0,4.73040053388756,-11.269599466112439,11.269599466112439
2025-12-22,P04491,ONLINE,15.0,3.7336098246913987,-11.2663901753086,11.2663901753086
2025-11-24,P01779,S016,16.0,4.757667999393375,-11.242332000606625,11.242332000606625
2025-12-08,P03892,ONLINE,15.0,3.7577438210991687,-11.242256178900831,11.242256178900831
2025-11-03,P01540,ONLINE,15.0,3.7604773496804147,-11.239522650319586,11.239522650319586
2025-10-13,P01959,ONLINE,15.0,3.761767364243361,-11.238232635756638,11.238232635756638
2025-11-17,P00132,ONLINE,15.0,3.76368242249048,-11.23631757750952,11.23631757750952
2025-12-08,P03881,ONLINE,15.0,3.7731002303731263,-11.226899769626874,11.226899769626874
2025-08-04,P03174,ONLINE,14.0,2.801615632157127,-11.198384367842873,11.198384367842873
2025-11-24,P01897,ONLINE,15.0,3.81251949881414,-11.18748050118586,11.18748050118586
2025-12-01,P04169,ONLINE,15.0,3.8130231003129347,-11.186976899687066,11.186976899687066
2025-08-11,P01521,ONLINE,14.0,2.8350079046277887,-11.164992095372211,11.164992095372211
2025-12-15,P02816,ONLINE,15.0,3.864964531604879,-11.13503546839512,11.13503546839512
2025-12-22,P04215,ONLINE,15.0,3.8667796209579164,-11.133220379042083,11.133220379042083
2025-12-22,P01777,ONLINE,15.0,3.8953600588415807,-11.10463994115842,11.10463994115842
2025-12-01,P02294,ONLINE,15.0,3.8962919837036423,-11.103708016296357,11.103708016296357
2025-12-15,P00802,ONLINE,15.0,3.930817430581411,-11.069182569418588,11.069182569418588
2025-11-10,P04102,ONLINE,15.0,3.933354564540668,-11.066645435459332,11.066645435459332
2025-12-08,P02596,ONLINE,15.0,3.9358715115396326,-11.064128488460367,11.064128488460367
2025-11-10,P03125,ONLINE,15.0,3.937822137957253,-11.062177862042747,11.062177862042747
2025-08-18,P01957,ONLINE,14.0,2.944123581065348,-11.055876418934652,11.055876418934652
2025-09-08,P04752,ONLINE,14.0,2.947321640534937,-11.052678359465062,11.052678359465062
2025-11-10,P00877,ONLINE,15.0,3.9674571831905108,-11.032542816809489,11.032542816809489
2025-09-22,P03279,ONLINE,14.0,2.9744415220765696,-11.02555847792343,11.02555847792343
2025-11-17,P04237,ONLINE,15.0,3.978315325973506,-11.021684674026494,11.021684674026494
2025-10-06,P02943,ONLINE,15.0,3.98078729921025,-11.01921270078975,11.01921270078975
2025-08-11,P01139,ONLINE,15.0,3.985268465400076,-11.014731534599925,11.014731534599925
2025-12-08,P02488,ONLINE,15.0,3.987837417385563,-11.012162582614437,11.012162582614437
2025-12-22,P03070,S017,14.0,2.994310529612438,-11.005689470387562,11.005689470387562
2025-12-15,P00820,ONLINE,15.0,4.002836361956942,-10.997163638043059,10.997163638043059
2025-08-04,P02333,ONLINE,15.0,4.007610917480692,-10.992389082519308,10.992389082519308
2025-12-01,P00555,ONLINE,15.0,4.0105517305186025,-10.989448269481397,10.989448269481397
2025-10-13,P00366,ONLINE,14.0,3.0110263420259185,-10.988973657974082,10.988973657974082
2025-12-08,P02575,ONLINE,15.0,4.0201718577770045,-10.979828142222996,10.979828142222996
2025-10-13,P04986,ONLINE,14.0,3.0277088951122297,-10.97229110488777,10.97229110488777
2025-10-06,P03948,ONLINE,15.0,4.042941938364999,-10.957058061635001,10.957058061635001
2025-12-22,P02956,ONLINE,15.0,4.05153122734727,-10.948468772652731,10.948468772652731
2025-12-15,P04013,ONLINE,15.0,4.054234315319467,-10.945765684680534,10.945765684680534
2025-12-08,P03651,ONLINE,15.0,4.068714067735136,-10.931285932264863,10.931285932264863
2025-12-15,P00556,ONLINE,15.0,4.0711604158538774,-10.928839584146122,10.928839584146122
2025-09-22,P04567,ONLINE,14.0,3.0866539771422286,-10.913346022857771,10.913346022857771
2025-12-08,P03220,ONLINE,15.0,4.0918496648795335,-10.908150335120467,10.908150335120467
2025-11-17,P01182,ONLINE,15.0,4.097170469697083,-10.902829530302917,10.902829530302917
2025-12-08,P03658,ONLINE,15.0,4.099558681642335,-10.900441318357664,10.900441318357664
2025-12-22,P00340,ONLINE,15.0,4.114469154634298,-10.885530845365702,10.885530845365702
2025-11-03,P02370,ONLINE,14.0,3.1395090589866017,-10.8604909410134,10.8604909410134
2025-10-13,P02495,ONLINE,14.0,3.1403288719860374,-10.859671128013963,10.859671128013963
2025-10-13,P02640,ONLINE,14.0,3.140991407634428,-10.859008592365573,10.859008592365573
2025-12-15,P02951,ONLINE,14.0,3.1429454529852836,-10.857054547014716,10.857054547014716
2025-10-20,P04236,ONLINE,14.0,3.1559885535170005,-10.844011446483,10.844011446483
2025-12-15,P01688,ONLINE,14.0,3.1699809839138737,-10.830019016086126,10.830019016086126
2025-10-20,P02564,S008,15.0,4.173127245951044,-10.826872754048956,10.826872754048956
2025-11-17,P00375,ONLINE,14.0,3.179305993941626,-10.820694006058375,10.820694006058375
2025-09-08,P04226,ONLINE,14.0,3.195969940031709,-10.80403005996829,10.80403005996829
2025-09-01,P02081,ONLINE,14.0,3.2104778740784847,-10.789522125921515,10.789522125921515
2025-10-13,P03658,ONLINE,14.0,3.2207329328985645,-10.779267067101436,10.779267067101436
2025-09-08,P03498,ONLINE,14.0,3.2228687858314666,-10.777131214168534,10.777131214168534
2025-10-20,P04109,S008,15.0,4.231776115752913,-10.768223884247087,10.768223884247087
2025-12-08,P04404,ONLINE,14.0,3.2352549639818506,-10.76474503601815,10.76474503601815
2025-10-20,P04678,ONLINE,14.0,3.257598796152265,-10.742401203847734,10.742401203847734
2025-11-24,P00160,ONLINE,14.0,3.2709609757106968,-10.729039024289303,10.729039024289303
2025-10-20,P03380,ONLINE,14.0,3.277925559086179,-10.722074440913822,10.722074440913822
2025-11-17,P04181,ONLINE,14.0,3.28151207356757,-10.71848792643243,10.71848792643243
2025-11-17,P04236,ONLINE,14.0,3.28285232331486,-10.71714767668514,10.71714767668514
2025-11-10,P04561,ONLINE,14.0,3.302256520395415,-10.697743479604584,10.697743479604584
2025-11-03,P01069,ONLINE,14.0,3.303644596217793,-10.696355403782206,10.696355403782206
2025-12-15,P03694,ONLINE,14.0,3.307782605638282,-10.692217394361718,10.692217394361718
2025-12-15,P02398,ONLINE,14.0,3.3125940056964893,-10.68740599430351,10.68740599430351
2025-11-10,P00474,ONLINE,14.0,3.318304366537119,-10.681695633462882,10.681695633462882
2025-11-24,P04639,ONLINE,14.0,3.3184757626139185,-10.681524237386082,10.681524237386082
2025-12-01,P03570,ONLINE,14.0,3.325072065334461,-10.67492793466554,10.67492793466554
2025-12-22,P02507,ONLINE,14.0,3.3559066167606986,-10.644093383239301,10.644093383239301
2025-12-01,P04599,ONLINE,14.0,3.3592990298111944,-10.640700970188806,10.640700970188806
2025-12-08,P00341,ONLINE,14.0,3.3600037797907323,-10.639996220209268,10.639996220209268
2025-12-01,P04206,ONLINE,14.0,3.3661654931994547,-10.633834506800545,10.633834506800545
2025-12-01,P03234,ONLINE,14.0,3.383799484077507,-10.616200515922493,10.616200515922493
2025-11-03,P02300,ONLINE,14.0,3.3844365188159937,-10.615563481184006,10.615563481184006
2025-11-03,P02129,ONLINE,14.0,3.3912503501359255,-10.608749649864075,10.608749649864075
2025-12-01,P04370,ONLINE,14.0,3.3998356155572615,-10.600164384442738,10.600164384442738
2025-12-22,P02329,ONLINE,14.0,3.415460454093947,-10.584539545906054,10.584539545906054
2025-12-08,P00801,ONLINE,14.0,3.42079480567514,-10.57920519432486,10.57920519432486
2025-12-22,P03034,ONLINE,14.0,3.4302601104406234,-10.569739889559376,10.569739889559376
2025-12-08,P02259,ONLINE,14.0,3.43174004970541,-10.568259950294589,10.568259950294589
2025-08-11,P00033,ONLINE,14.0,3.4400726836158237,-10.559927316384176,10.559927316384176
2025-12-15,P00215,ONLINE,14.0,3.452550075916103,-10.547449924083896,10.547449924083896
2025-10-20,P03034,S010,13.0,2.4536160102216287,-10.546383989778372,10.546383989778372
2025-12-15,P03280,ONLINE,14.0,3.4892060875916777,-10.510793912408323,10.510793912408323
2025-12-08,P04794,ONLINE,14.0,3.5072943117034026,-10.492705688296597,10.492705688296597
2025-12-22,P03881,ONLINE,14.0,3.549576578294153,-10.450423421705846,10.450423421705846
2025-08-18,P03385,ONLINE,13.0,2.5843698494677185,-10.415630150532282,10.415630150532282
2025-08-11,P00340,ONLINE,13.0,2.6083816096477963,-10.391618390352203,10.391618390352203
2025-12-08,P02799,ONLINE,14.0,3.612195037224073,-10.387804962775927,10.387804962775927
2025-09-08,P01064,ONLINE,14.0,3.6158550175905146,-10.384144982409484,10.384144982409484
2025-12-01,P04431,ONLINE,14.0,3.6186398594958105,-10.381360140504189,10.381360140504189
2025-11-24,P03755,ONLINE,14.0,3.6551981292189257,-10.344801870781074,10.344801870781074
2025-09-01,P00453,ONLINE,14.0,3.656711541820388,-10.343288458179611,10.343288458179611
2025-11-17,P02772,S015,13.0,2.664466349208406,-10.335533650791593,10.335533650791593
2025-08-04,P01464,ONLINE,13.0,2.677663216939458,-10.322336783060543,10.322336783060543
2025-11-03,P03845,ONLINE,14.0,3.6976111408689363,-10.302388859131064,10.302388859131064
2025-11-03,P02575,ONLINE,14.0,3.708716028138169,-10.29128397186183,10.29128397186183
2025-12-08,P01376,S031,13.0,2.7487134060967158,-10.251286593903284,10.251286593903284
2025-11-10,P02432,ONLINE,14.0,3.7509910145042675,-10.249008985495733,10.249008985495733
2025-11-24,P04437,ONLINE,14.0,3.7530943805167305,-10.24690561948327,10.24690561948327
2025-12-22,P01394,ONLINE,14.0,3.7538545194771524,-10.246145480522848,10.246145480522848
2025-09-01,P00589,ONLINE,14.0,3.7556646764504475,-10.244335323549553,10.244335323549553
2025-09-15,P02072,ONLINE,14.0,3.759085900625698,-10.240914099374303,10.240914099374303
2025-12-01,P01439,ONLINE,14.0,3.762912437142643,-10.237087562857358,10.237087562857358
2025-11-10,P02346,ONLINE,14.0,3.768151803841765,-10.231848196158236,10.231848196158236
2025-10-20,P04109,ONLINE,14.0,3.7703482374394697,-10.22965176256053,10.22965176256053
2025-11-17,P04808,ONLINE,14.0,3.7737862662355504,-10.22621373376445,10.22621373376445
2025-08-04,P03082,ONLINE,13.0,2.7905230539979593,-10.209476946002042,10.209476946002042
2025-12-15,P00519,ONLINE,14.0,3.7905594574348784,-10.209440542565122,10.209440542565122
2025-11-17,P03468,ONLINE,14.0,3.8109721169220823,-10.189027883077918,10.189027883077918
2025-12-22,P04309,ONLINE,14.0,3.819878813801193,-10.180121186198807,10.180121186198807
2025-11-10,P03681,ONLINE,14.0,3.833368726545961,-10.166631273454039,10.166631273454039
2025-12-15,P04761,ONLINE,14.0,3.8384731057364716,-10.161526894263528,10.161526894263528
2025-12-15,P02263,ONLINE,14.0,3.8409928495370314,-10.159007150462969,10.159007150462969
2025-08-04,P03071,ONLINE,14.0,3.8562915735059846,-10.143708426494015,10.143708426494015
2025-09-08,P03290,ONLINE,13.0,2.856717035098598,-10.143282964901402,10.143282964901402
2025-10-06,P03028,ONLINE,13.0,2.8598788819206256,-10.140121118079374,10.140121118079374
2025-08-18,P03458,ONLINE,13.0,2.8669980251780536,-10.133001974821946,10.133001974821946
2025-08-11,P04124,ONLINE,13.0,2.891939035124751,-10.10806096487525,10.10806096487525
2025-12-08,P04943,ONLINE,14.0,3.8983953510600435,-10.101604648939956,10.101604648939956
2025-11-17,P00842,ONLINE,14.0,3.9298464281450607,-10.07015357185494,10.07015357185494
2025-12-08,P02097,ONLINE,14.0,3.9303375191591794,-10.06966248084082,10.06966248084082
2025-10-13,P02745,ONLINE,13.0,2.93465831487861,-10.065341685121389,10.065341685121389
2025-09-01,P00324,ONLINE,14.0,3.935517587926088,-10.064482412073911,10.064482412073911
2025-12-15,P00800,ONLINE,14.0,3.9363987317027958,-10.063601268297205,10.063601268297205
2025-12-22,P02676,ONLINE,14.0,3.9393267011747013,-10.060673298825298,10.060673298825298
2025-11-03,P00096,ONLINE,14.0,3.953906813212178,-10.046093186787822,10.046093186787822
2025-11-03,P00819,ONLINE,13.0,2.9543314295858565,-10.045668570414144,10.045668570414144
2025-09-22,P01459,ONLINE,13.0,2.9641227141954354,-10.035877285804565,10.035877285804565
2025-12-01,P04023,ONLINE,14.0,3.970829376922975,-10.029170623077025,10.029170623077025
2025-12-15,P01216,ONLINE,14.0,3.9713364403526152,-10.028663559647384,10.028663559647384
2025-11-03,P04783,ONLINE,13.0,2.9724913351038085,-10.027508664896192,10.027508664896192
2025-12-15,P02640,ONLINE,14.0,3.9967531658974047,-10.003246834102596,10.003246834102596
2025-12-15,P02384,ONLINE,14.0,4.011537578255755,-9.988462421744245,9.988462421744245
2025-10-06,P03245,ONLINE,13.0,3.0190433262858454,-9.980956673714154,9.980956673714154
2025-10-13,P02564,S008,15.0,5.019751186497418,-9.980248813502582,9.980248813502582
2025-08-04,P01682,ONLINE,13.0,3.027239618879259,-9.972760381120741,9.972760381120741
2025-12-01,P01466,ONLINE,14.0,4.029948833392263,-9.970051166607737,9.970051166607737
2025-10-06,P03909,ONLINE,13.0,3.030196688045479,-9.969803311954522,9.969803311954522
2025-09-01,P01813,ONLINE,13.0,3.050003533816428,-9.949996466183572,9.949996466183572
2025-09-08,P04498,ONLINE,13.0,3.050318696132463,-9.949681303867537,9.949681303867537
2025-11-10,P02553,ONLINE,14.0,4.051211615366286,-9.948788384633714,9.948788384633714
2025-10-13,P03019,ONLINE,13.0,3.0683611823008268,-9.931638817699174,9.931638817699174
2025-11-17,P00637,ONLINE,13.0,3.069081259936161,-9.930918740063838,9.930918740063838
2025-09-22,P01437,ONLINE,13.0,3.073669259353139,-9.926330740646861,9.926330740646861
2025-12-08,P04515,ONLINE,14.0,4.076429555646156,-9.923570444353844,9.923570444353844
2025-09-22,P00272,ONLINE,13.0,3.0804160007970522,-9.919583999202947,9.919583999202947
2025-11-17,P03663,ONLINE,14.0,4.082457766404895,-9.917542233595105,9.917542233595105
2025-12-22,P01271,ONLINE,14.0,4.090600836804063,-9.909399163195937,9.909399163195937
2025-10-06,P02346,ONLINE,13.0,3.09177762721158,-9.908222372788419,9.908222372788419
2025-10-13,P01521,ONLINE,13.0,3.0936393278401573,-9.906360672159842,9.906360672159842
2025-12-15,P00239,ONLINE,14.0,4.104301061698776,-9.895698938301223,9.895698938301223
2025-12-08,P04825,ONLINE,14.0,4.127290093387306,-9.872709906612695,9.872709906612695
2025-11-03,P01441,ONLINE,13.0,3.1275658952715615,-9.872434104728438,9.872434104728438
2025-12-08,P03379,S048,13.0,3.1288077932739657,-9.871192206726034,9.871192206726034
2025-09-15,P04527,ONLINE,13.0,3.1289519418356453,-9.871048058164355,9.871048058164355
2025-12-08,P04099,ONLINE,14.0,4.147494117212215,-9.852505882787785,9.852505882787785
2025-10-06,P01512,ONLINE,14.0,4.154901785318137,-9.845098214681862,9.845098214681862
2025-11-24,P01956,ONLINE,13.0,3.157950669542192,-9.842049330457808,9.842049330457808
2025-12-01,P01645,ONLINE,14.0,4.164534742626219,-9.83546525737378,9.83546525737378
2025-09-22,P00004,ONLINE,13.0,3.1689599310443453,-9.831040068955655,9.831040068955655
2025-12-01,P00076,ONLINE,13.0,3.182517919809997,-9.817482080190004,9.817482080190004
2025-10-27,P01540,ONLINE,13.0,3.184701081977077,-9.815298918022922,9.815298918022922
2025-11-03,P03996,ONLINE,13.0,3.1960835969305736,-9.803916403069426,9.803916403069426
2025-11-10,P00891,ONLINE,14.0,4.206833295936275,-9.793166704063726,9.793166704063726
2025-10-20,P03822,ONLINE,13.0,3.209563112836444,-9.790436887163557,9.790436887163557
2025-12-15,P02895,ONLINE,14.0,4.211059552465826,-9.788940447534173,9.788940447534173
2025-12-08,P02912,ONLINE,14.0,4.214582063323482,-9.785417936676518,9.785417936676518
2025-11-03,P00272,ONLINE,13.0,3.215450978615951,-9.784549021384048,9.784549021384048
2025-10-06,P02694,ONLINE,13.0,3.215846539706998,-9.784153460293002,9.784153460293002
2025-08-04,P04974,ONLINE,14.0,4.230681532173329,-9.769318467826672,9.769318467826672
2025-09-22,P00914,ONLINE,13.0,3.233485652005478,-9.766514347994523,9.766514347994523
2025-11-03,P01924,ONLINE,13.0,3.2364028427469,-9.7635971572531,9.7635971572531
2025-10-20,P01929,ONLINE,14.0,4.240522666473552,-9.759477333526448,9.759477333526448
2025-11-03,P00861,ONLINE,13.0,3.2463936857370395,-9.75360631426296,9.75360631426296
2025-08-18,P03517,ONLINE,13.0,3.257352374576939,-9.74264762542306,9.74264762542306
2025-11-17,P01153,ONLINE,13.0,3.258229693272716,-9.741770306727284,9.741770306727284
2025-11-03,P01997,ONLINE,13.0,3.262749288875394,-9.737250711124606,9.737250711124606
2025-11-17,P01718,ONLINE,13.0,3.2638833142120967,-9.736116685787904,9.736116685787904
2025-12-15,P04020,ONLINE,13.0,3.2677196112753797,-9.73228038872462,9.73228038872462
2025-08-11,P04851,ONLINE,13.0,3.2692558079592313,-9.730744192040769,9.730744192040769
2025-09-29,P00854,ONLINE,13.0,3.2720489018619583,-9.727951098138043,9.727951098138043
2025-09-15,P00784,ONLINE,13.0,3.2725324842137065,-9.727467515786294,9.727467515786294
2025-12-01,P03695,ONLINE,13.0,3.2730897923274913,-9.726910207672509,9.726910207672509
2025-12-08,P03680,ONLINE,13.0,3.274134805500485,-9.725865194499516,9.725865194499516
2025-12-22,P01791,ONLINE,13.0,3.2805030667900597,-9.71949693320994,9.71949693320994
2025-11-10,P04541,ONLINE,13.0,3.2826053771048196,-9.717394622895181,9.717394622895181
2025-12-15,P00212,ONLINE,13.0,3.285627085039709,-9.714372914960292,9.714372914960292
2025-11-03,P00793,ONLINE,13.0,3.28864447146729,-9.71135552853271,9.71135552853271
2025-10-06,P03802,ONLINE,13.0,3.2915673831443937,-9.708432616855607,9.708432616855607
2025-12-15,P04099,ONLINE,13.0,3.298671966551494,-9.701328033448506,9.701328033448506
2025-11-10,P03126,ONLINE,13.0,3.312988572406509,-9.687011427593491,9.687011427593491
2025-11-03,P01692,ONLINE,13.0,3.3199682656312817,-9.680031734368718,9.680031734368718
2025-12-22,P00952,ONLINE,13.0,3.3205333781687147,-9.679466621831285,9.679466621831285
2025-11-03,P03823,ONLINE,13.0,3.3283156448495728,-9.671684355150427,9.671684355150427
2025-12-15,P01191,ONLINE,13.0,3.332356015062654,-9.667643984937346,9.667643984937346
2025-12-15,P00395,ONLINE,13.0,3.333496963544222,-9.666503036455778,9.666503036455778
2025-12-15,P01459,ONLINE,13.0,3.335528820294683,-9.664471179705316,9.664471179705316
2025-11-10,P03028,ONLINE,13.0,3.341522044666278,-9.658477955333723,9.658477955333723
2025-11-17,P03498,ONLINE,13.0,3.3489093323767647,-9.651090667623235,9.651090667623235
2025-12-15,P03796,ONLINE,13.0,3.3526924753587144,-9.647307524641285,9.647307524641285
2025-11-10,P01106,ONLINE,13.0,3.3570599587666305,-9.64294004123337,9.64294004123337
2025-12-08,P01966,ONLINE,13.0,3.3574419573964525,-9.642558042603547,9.642558042603547
2025-12-22,P01481,ONLINE,13.0,3.375962179147021,-9.62403782085298,9.62403782085298
2025-12-08,P04215,ONLINE,13.0,3.376343160937557,-9.623656839062443,9.623656839062443
2025-09-15,P02537,ONLINE,13.0,3.38219734572898,-9.61780265427102,9.61780265427102
2025-12-22,P01194,ONLINE,13.0,3.3838815467307817,-9.616118453269218,9.616118453269218
2025-12-01,P04695,ONLINE,13.0,3.384274590182013,-9.615725409817987,9.615725409817987
2025-12-22,P00999,ONLINE,13.0,3.386967127393866,-9.613032872606134,9.613032872606134
2025-11-03,P00148,ONLINE,13.0,3.3875346005439266,-9.612465399456074,9.612465399456074
2025-11-10,P03986,S016,14.0,4.396424459534994,-9.603575540465005,9.603575540465005
2025-12-01,P00976,ONLINE,13.0,3.399692655255159,-9.600307344744841,9.600307344744841
2025-11-10,P04036,ONLINE,13.0,3.4002562418003404,-9.59974375819966,9.59974375819966
2025-12-01,P04911,ONLINE,13.0,3.4035134234152147,-9.596486576584786,9.596486576584786
2025-12-15,P00487,ONLINE,13.0,3.403965623963354,-9.596034376036647,9.596034376036647
2025-12-08,P01155,ONLINE,13.0,3.4043381457499318,-9.595661854250068,9.595661854250068
2025-12-08,P02565,ONLINE,13.0,3.405215430628939,-9.594784569371061,9.594784569371061
2025-12-01,P01548,ONLINE,13.0,3.405519500401635,-9.594480499598365,9.594480499598365
2025-11-17,P02235,ONLINE,13.0,3.4086595006094402,-9.59134049939056,9.59134049939056
2025-11-10,P04109,S008,14.0,4.4088777413417235,-9.591122258658277,9.591122258658277
2025-09-08,P04678,ONLINE,13.0,3.4134594707808468,-9.586540529219153,9.586540529219153
2025-12-15,P04984,ONLINE,13.0,3.416057372989391,-9.58394262701061,9.58394262701061
2025-11-17,P01221,ONLINE,13.0,3.4191129914565623,-9.580887008543439,9.580887008543439
2025-12-15,P04971,ONLINE,13.0,3.4202148078593315,-9.579785192140669,9.579785192140669
2025-12-08,P03986,S016,14.0,4.423262189039997,-9.576737810960003,9.576737810960003
2025-11-17,P02294,ONLINE,13.0,3.4360573414286395,-9.56394265857136,9.56394265857136
2025-12-15,P03561,ONLINE,13.0,3.4392884900058784,-9.560711509994121,9.560711509994121
2025-12-01,P00288,ONLINE,13.0,3.4576822022285425,-9.542317797771457,9.542317797771457
2025-11-10,P03794,ONLINE,13.0,3.4583595967795073,-9.541640403220493,9.541640403220493
2025-08-04,P04461,ONLINE,13.0,3.461467768151801,-9.5385322318482,9.5385322318482
2025-12-22,P01307,ONLINE,13.0,3.4642917313709667,-9.535708268629033,9.535708268629033
2025-12-08,P00339,ONLINE,13.0,3.4646189859114846,-9.535381014088514,9.535381014088514
2025-12-22,P01904,ONLINE,13.0,3.474755396453966,-9.525244603546033,9.525244603546033
2025-12-01,P04661,ONLINE,13.0,3.4830526954099095,-9.51694730459009,9.51694730459009
2025-12-08,P01364,ONLINE,13.0,3.485321642052446,-9.514678357947554,9.514678357947554
2025-12-22,P02395,ONLINE,13.0,3.50473770026455,-9.495262299735451,9.495262299735451
2025-12-01,P01574,ONLINE,13.0,3.510630472433724,-9.489369527566275,9.489369527566275
2025-08-11,P00163,ONLINE,13.0,3.5120898702038965,-9.487910129796104,9.487910129796104
2025-08-11,P03458,ONLINE,13.0,3.526343867023777,-9.473656132976224,9.473656132976224
2025-12-15,P04233,ONLINE,13.0,3.5272179466425766,-9.472782053357424,9.472782053357424
2025-09-22,P03948,ONLINE,13.0,3.52913108058128,-9.47086891941872,9.47086891941872
2025-11-10,P01473,ONLINE,13.0,3.5480777447631375,-9.451922255236862,9.451922255236862
2025-08-18,P01473,ONLINE,13.0,3.553496979512348,-9.446503020487652,9.446503020487652
2025-12-01,P02031,ONLINE,13.0,3.5659217901248335,-9.434078209875167,9.434078209875167
2025-09-01,P02817,ONLINE,13.0,3.5665189436731533,-9.433481056326848,9.433481056326848
2025-11-10,P00252,S031,12.0,2.570798588108746,-9.429201411891254,9.429201411891254
2025-10-13,P01053,ONLINE,13.0,3.577598873933504,-9.422401126066497,9.422401126066497
2025-12-15,P03486,ONLINE,13.0,3.585083275658549,-9.41491672434145,9.41491672434145
2025-12-08,P00223,ONLINE,12.0,2.5871157248868255,-9.412884275113175,9.412884275113175
2025-12-08,P00688,ONLINE,13.0,3.5992492294156584,-9.400750770584342,9.400750770584342
2025-08-18,P03452,ONLINE,13.0,3.6014475826440018,-9.398552417355997,9.398552417355997
2025-08-18,P01320,ONLINE,13.0,3.6047102277554206,-9.39528977224458,9.39528977224458
2025-12-15,P02047,ONLINE,13.0,3.606601478126584,-9.393398521873415,9.393398521873415
2025-12-08,P01929,ONLINE,13.0,3.6089866839147082,-9.391013316085292,9.391013316085292
2025-09-08,P04552,ONLINE,13.0,3.6130390716844305,-9.38696092831557,9.38696092831557
2025-12-01,P02277,ONLINE,13.0,3.614272624303745,-9.385727375696256,9.385727375696256
2025-12-01,P02793,ONLINE,13.0,3.641351860994165,-9.358648139005835,9.358648139005835
2025-09-22,P00580,ONLINE,13.0,3.642474110842257,-9.357525889157742,9.357525889157742
2025-09-29,P00646,ONLINE,13.0,3.6565849769656467,-9.343415023034353,9.343415023034353
2025-10-13,P03585,ONLINE,13.0,3.6692692711212733,-9.330730728878727,9.330730728878727
2025-11-17,P02545,ONLINE,13.0,3.6761466522346016,-9.323853347765398,9.323853347765398
2025-12-08,P02669,S001,12.0,2.677236795253424,-9.322763204746575,9.322763204746575
2025-12-08,P03521,ONLINE,13.0,3.689019220069804,-9.310980779930196,9.310980779930196
2025-11-03,P01767,ONLINE,13.0,3.693897239064813,-9.306102760935186,9.306102760935186
2025-10-06,P02271,ONLINE,13.0,3.7375281726233487,-9.26247182737665,9.26247182737665
2025-08-11,P03279,ONLINE,12.0,2.7450289505712577,-9.254971049428743,9.254971049428743
2025-11-03,P04039,ONLINE,13.0,3.7530504863871372,-9.246949513612863,9.246949513612863
2025-10-13,P04124,ONLINE,13.0,3.7604085146624127,-9.239591485337588,9.239591485337588
2025-12-22,P02729,ONLINE,13.0,3.76727582511053,-9.23272417488947,9.23272417488947
2025-09-15,P03399,ONLINE,13.0,3.768581177977872,-9.231418822022128,9.231418822022128
2025-12-22,P04844,ONLINE,13.0,3.7725082397264247,-9.227491760273576,9.227491760273576
2025-12-22,P00854,ONLINE,13.0,3.779190898067227,-9.220809101932772,9.220809101932772
2025-12-01,P02280,ONLINE,13.0,3.780317307700493,-9.219682692299507,9.219682692299507
2025-08-18,P02700,ONLINE,13.0,3.7810665470947744,-9.218933452905226,9.218933452905226
2025-11-03,P03362,ONLINE,13.0,3.784341135095464,-9.215658864904537,9.215658864904537
2025-12-01,P02157,ONLINE,13.0,3.798434824623561,-9.20156517537644,9.20156517537644
2025-09-15,P04260,ONLINE,13.0,3.799189866511401,-9.200810133488599,9.200810133488599
2025-08-11,P00271,ONLINE,12.0,2.8010083762652935,-9.198991623734706,9.198991623734706
2025-08-04,P02855,ONLINE,12.0,2.8017868951872624,-9.198213104812737,9.198213104812737
2025-11-03,P02037,ONLINE,13.0,3.802893382530573,-9.197106617469426,9.197106617469426
2025-12-01,P04742,ONLINE,13.0,3.804389223026103,-9.195610776973897,9.195610776973897
2025-12-22,P03703,ONLINE,13.0,3.8097815612974983,-9.190218438702502,9.190218438702502
2025-12-15,P02611,S023,12.0,2.810815677993539,-9.189184322006462,9.189184322006462
2025-12-15,P01432,ONLINE,13.0,3.8185013167131974,-9.181498683286803,9.181498683286803
2025-09-15,P01540,ONLINE,12.0,2.824123209113688,-9.175876790886312,9.175876790886312
2025-10-13,P04798,ONLINE,13.0,3.8330358474605677,-9.166964152539432,9.166964152539432
2025-11-10,P04440,ONLINE,13.0,3.8342977751771237,-9.165702224822876,9.165702224822876
2025-11-10,P04223,ONLINE,13.0,3.83809128938713,-9.16190871061287,9.16190871061287
2025-08-04,P02129,ONLINE,12.0,2.841399101762277,-9.158600898237722,9.158600898237722
2025-08-04,P00793,ONLINE,12.0,2.8577516252137993,-9.1422483747862,9.1422483747862
2025-11-03,P00365,ONLINE,13.0,3.857772291944043,-9.142227708055957,9.142227708055957
2025-11-03,P04029,ONLINE,13.0,3.8612480815150705,-9.13875191848493,9.13875191848493
2025-08-04,P01905,ONLINE,12.0,2.865544480162798,-9.134455519837202,9.134455519837202
2025-11-03,P04592,ONLINE,13.0,3.8675936663894057,-9.132406333610595,9.132406333610595
2025-12-15,P02863,ONLINE,13.0,3.8723694606781724,-9.127630539321828,9.127630539321828
2025-10-20,P04757,ONLINE,13.0,3.8752139865817123,-9.124786013418287,9.124786013418287
2025-12-22,P00703,ONLINE,13.0,3.8801069365870946,-9.119893063412906,9.119893063412906
2025-12-15,P04695,ONLINE,13.0,3.888612494662923,-9.111387505337078,9.111387505337078
2025-08-25,P02277,ONLINE,13.0,3.8953744699273147,-9.104625530072685,9.104625530072685
2025-11-24,P01463,ONLINE,13.0,3.896200716876538,-9.103799283123461,9.103799283123461
2025-11-24,P02645,ONLINE,13.0,3.8969505800933133,-9.103049419906686,9.103049419906686
2025-09-22,P00748,ONLINE,12.0,2.900892772061603,-9.099107227938397,9.099107227938397
2025-12-15,P04686,ONLINE,13.0,3.9052284777128916,-9.094771522287108,9.094771522287108
2025-11-17,P03245,ONLINE,13.0,3.905320026795221,-9.09467997320478,9.09467997320478
2025-10-20,P01788,ONLINE,12.0,2.9173370840699744,-9.082662915930026,9.082662915930026
2025-12-01,P01938,ONLINE,13.0,3.918771783461489,-9.081228216538511,9.081228216538511
2025-12-22,P02669,ONLINE,13.0,3.926505323391382,-9.073494676608618,9.073494676608618
2025-12-22,P04813,ONLINE,13.0,3.9273746180142304,-9.07262538198577,9.07262538198577
2025-08-18,P04688,ONLINE,13.0,3.932460466097917,-9.067539533902083,9.067539533902083
2025-10-13,P04245,ONLINE,12.0,2.933498170824604,-9.066501829175396,9.066501829175396
2025-12-01,P04364,ONLINE,13.0,3.9397781668152305,-9.06022183318477,9.06022183318477
2025-12-22,P04567,ONLINE,13.0,3.94373607568855,-9.05626392431145,9.05626392431145
2025-10-20,P01271,ONLINE,13.0,3.953498780186107,-9.046501219813893,9.046501219813893
2025-10-13,P01755,ONLINE,12.0,2.954862773404242,-9.045137226595758,9.045137226595758
2025-12-08,P01232,ONLINE,13.0,3.9595615592922764,-9.040438440707725,9.040438440707725
2025-12-08,P01796,ONLINE,13.0,3.965007253862228,-9.034992746137771,9.034992746137771
2025-11-10,P01754,ONLINE,13.0,3.9656807190766328,-9.034319280923366,9.034319280923366
2025-08-04,P03892,ONLINE,12.0,2.96665142867158,-9.03334857132842,9.03334857132842
2025-10-06,P04059,S043,12.0,2.9730940791923066,-9.026905920807692,9.026905920807692
2025-12-01,P02564,S008,13.0,3.974582675878647,-9.025417324121353,9.025417324121353
2025-12-15,P03438,ONLINE,13.0,3.976119227850855,-9.023880772149145,9.023880772149145
2025-09-08,P03531,ONLINE,12.0,2.9847154431148306,-9.01528455688517,9.01528455688517
2025-12-08,P04182,S038,12.0,2.9850766758824543,-9.014923324117547,9.014923324117547
2025-09-29,P01779,S016,13.0,3.985711653976018,-9.014288346023982,9.014288346023982
2025-09-15,P04572,ONLINE,12.0,2.9890448532264484,-9.01095514677355,9.01095514677355
2025-08-04,P03088,ONLINE,12.0,2.991840740132459,-9.00815925986754,9.00815925986754
2025-12-01,P03449,ONLINE,13.0,3.9953223263129996,-9.004677673687,9.004677673687
2025-09-22,P02948,ONLINE,13.0,4.00687847740405,-8.993121522595949,8.993121522595949
2025-11-10,P01943,ONLINE,13.0,4.009091760675923,-8.990908239324078,8.990908239324078
2025-10-06,P02824,ONLINE,13.0,4.0097071092202485,-8.990292890779752,8.990292890779752
