campaign_id,campaign_name,customer_id,assignment_datetime,is_treatment,response,pred_response_if_treated,pred_response_if_control,uplift_score,rank,uplift_decile
CMP012,Year End Save,C024740,2025-12-10 18:42:00,1,0,0.5955006642699485,0.5434043236618405,0.05209634060810797,1,1
CMP011,Peak Season Holdout Test,C043722,2025-11-09 20:06:00,1,0,0.5629268325421679,0.5224786889142351,0.04044814362793281,2,1
CMP011,Peak Season Holdout Test,C016557,2025-11-09 20:19:00,1,0,0.5583770791435515,0.5214565658532263,0.036920513290325196,3,1
CMP011,Peak Season Holdout Test,C016116,2025-11-09 20:45:00,1,1,0.5084515549686071,0.4753721484314325,0.03307940653717456,4,1
CMP011,Peak Season Holdout Test,C023287,2025-11-09 21:57:00,1,1,0.5055579758640825,0.4745695613303059,0.030988414533776543,5,1
CMP012,Year End Save,C030176,2025-12-10 17:10:00,0,0,0.5679672538034314,0.5373313055542616,0.03063594824916982,6,1
CMP011,Peak Season Holdout Test,C031241,2025-11-09 20:40:00,1,0,0.5049252639122915,0.4745919189666593,0.030333344945632223,7,1
CMP011,Peak Season Holdout Test,C041675,2025-11-09 21:16:00,0,1,0.5077940397768076,0.4785772794682504,0.029216760308557188,8,1
CMP011,Peak Season Holdout Test,C024588,2025-11-09 20:16:00,1,0,0.5027273768266636,0.47410573530873473,0.028621641517928842,9,1
CMP011,Peak Season Holdout Test,C039402,2025-11-09 20:24:00,0,0,0.5020743023203282,0.47396128670986487,0.028113015610463366,10,1
CMP011,Peak Season Holdout Test,C039618,2025-11-09 21:47:00,0,1,0.5018076685112483,0.4737400089095236,0.028067659601724637,11,1
CMP011,Peak Season Holdout Test,C044235,2025-11-09 20:03:00,1,0,0.537398989065312,0.5095118849555028,0.027887104109809213,12,1
CMP011,Peak Season Holdout Test,C020015,2025-11-09 21:04:00,1,0,0.5296951750848945,0.5019303709774179,0.027764804107476615,13,1
CMP011,Peak Season Holdout Test,C016749,2025-11-09 20:17:00,1,0,0.5005300159456098,0.47361974043019756,0.026910275515412196,14,1
CMP011,Peak Season Holdout Test,C034461,2025-11-09 20:30:00,1,1,0.5176482734118887,0.49088681458344036,0.026761458828448326,15,1
CMP011,Peak Season Holdout Test,C002602,2025-11-09 21:50:00,1,0,0.515491690924757,0.4892616608231621,0.026230030101594914,16,1
CMP011,Peak Season Holdout Test,C003300,2025-11-09 21:29:00,1,0,0.4992862707690132,0.4731823984137167,0.026103872355296542,17,1
CMP011,Peak Season Holdout Test,C004084,2025-11-09 20:51:00,1,0,0.5153400722799314,0.4893679259082298,0.025972146371701588,18,1
CMP011,Peak Season Holdout Test,C002404,2025-11-09 20:47:00,1,0,0.49887708221761445,0.4732541945330162,0.02562288768459825,19,1
CMP011,Peak Season Holdout Test,C038176,2025-11-09 21:50:00,0,0,0.5090629498709461,0.4834584140369755,0.025604535833970654,20,1
CMP011,Peak Season Holdout Test,C026034,2025-11-09 21:14:00,0,0,0.5035321240311056,0.4780301664792764,0.025501957551829213,21,1
CMP011,Peak Season Holdout Test,C044563,2025-11-09 20:48:00,1,0,0.4986465442498054,0.47320321313694885,0.02544333111285657,22,1
CMP011,Peak Season Holdout Test,C019900,2025-11-09 20:28:00,0,0,0.4985278016244671,0.47317695444405683,0.025350847180410252,23,1
CMP011,Peak Season Holdout Test,C028307,2025-11-09 21:20:00,1,0,0.5213701086140721,0.4961590573196994,0.025211051294372677,24,1
CMP011,Peak Season Holdout Test,C030367,2025-11-09 21:01:00,0,0,0.5031459979685917,0.47798060552247557,0.025165392446116153,25,1
CMP011,Peak Season Holdout Test,C042437,2025-11-09 20:23:00,1,1,0.5032960151298999,0.478143746025256,0.025152269104643854,26,1
CMP011,Peak Season Holdout Test,C044557,2025-11-09 21:05:00,1,0,0.5213313570240803,0.49618866844412673,0.025142688579953554,27,1
CMP011,Peak Season Holdout Test,C036486,2025-11-09 20:10:00,0,0,0.5086795242914784,0.48357923300901734,0.025100291282461107,28,1
CMP011,Peak Season Holdout Test,C007327,2025-11-09 20:21:00,0,0,0.5031176012431332,0.47812084539745775,0.024996755845675456,29,1
CMP011,Peak Season Holdout Test,C047832,2025-11-09 20:19:00,0,0,0.497923353990019,0.4730432888265751,0.024880065163443932,30,1
CMP012,Year End Save,C041215,2025-12-10 16:18:00,1,0,0.5607434972808566,0.5358728455341898,0.024870651746666805,31,1
CMP011,Peak Season Holdout Test,C024946,2025-11-09 20:30:00,1,0,0.5426811870365774,0.5179448566083596,0.024736330428217768,32,1
CMP011,Peak Season Holdout Test,C009809,2025-11-09 21:29:00,0,1,0.5210701329986982,0.49638827228228805,0.024681860716410153,33,1
CMP011,Peak Season Holdout Test,C004431,2025-11-09 21:56:00,1,0,0.502426318390241,0.4778882339213092,0.024538084468931798,34,1
CMP011,Peak Season Holdout Test,C012298,2025-11-09 21:50:00,1,0,0.5023099024590965,0.477873292092134,0.02443661036696243,35,1
CMP011,Peak Season Holdout Test,C028299,2025-11-09 21:35:00,1,0,0.5143273997126515,0.4899871483871036,0.0243402513255479,36,1
CMP011,Peak Season Holdout Test,C010918,2025-11-09 21:43:00,0,0,0.507735409535,0.48347601528757495,0.024259394247425015,37,1
CMP011,Peak Season Holdout Test,C004056,2025-11-09 21:49:00,1,1,0.5077167460096592,0.48347626272812877,0.024240483281530445,38,1
CMP011,Peak Season Holdout Test,C002669,2025-11-09 21:35:00,1,0,0.4968179627808764,0.4726365859904933,0.024181376790383124,39,1
CMP011,Peak Season Holdout Test,C026926,2025-11-09 20:10:00,1,1,0.5137866508653957,0.48976496482041243,0.024021686044983226,40,1
CMP011,Peak Season Holdout Test,C043084,2025-11-09 21:00:00,0,0,0.507454901417682,0.4834797342283081,0.023975167189373925,41,1
CMP011,Peak Season Holdout Test,C011823,2025-11-09 21:03:00,0,1,0.5073629645090121,0.48348095310282546,0.02388201140618662,42,1
CMP011,Peak Season Holdout Test,C022068,2025-11-09 21:32:00,0,0,0.5136042808672705,0.48974406061801246,0.023860220249258046,43,1
CMP011,Peak Season Holdout Test,C008999,2025-11-09 21:30:00,0,0,0.5205885032301033,0.4967562702796316,0.02383223295047171,44,1
CMP011,Peak Season Holdout Test,C048219,2025-11-09 21:25:00,1,0,0.5016090475466604,0.47778333976048165,0.023825707786178707,45,1
CMP011,Peak Season Holdout Test,C017975,2025-11-09 20:40:00,1,1,0.5072528239412051,0.4835981487454625,0.023654675195742603,46,1
CMP011,Peak Season Holdout Test,C025290,2025-11-09 21:51:00,1,0,0.5071233732182633,0.4834841295090698,0.023639243709193458,47,1
CMP011,Peak Season Holdout Test,C033466,2025-11-09 20:28:00,1,1,0.5071838359273552,0.483599063373833,0.02358477255352215,48,1
CMP011,Peak Season Holdout Test,C033175,2025-11-09 20:17:00,1,0,0.49608479152066076,0.4726367289473845,0.02344806257327625,49,1
CMP011,Peak Season Holdout Test,C005132,2025-11-09 20:02:00,1,0,0.5069665011696632,0.4836019447288569,0.023364556440806317,50,1
CMP011,Peak Season Holdout Test,C016784,2025-11-09 20:11:00,1,0,0.4959066875852491,0.4725973458149535,0.02330934177029559,51,1
CMP011,Peak Season Holdout Test,C035638,2025-11-09 21:31:00,0,1,0.4955327026698865,0.4723523926944035,0.023180309975483038,52,1
CMP011,Peak Season Holdout Test,C026136,2025-11-09 20:49:00,1,0,0.5201906479905501,0.497026579189316,0.023164068801234172,53,1
CMP011,Peak Season Holdout Test,C044088,2025-11-09 21:53:00,1,0,0.5008038023507625,0.47767999205223693,0.02312381029852556,54,1
CMP011,Peak Season Holdout Test,C022942,2025-11-09 20:37:00,1,0,0.5130545892419562,0.4899520528571374,0.02310253638481885,55,1
CMP011,Peak Season Holdout Test,C047537,2025-11-09 21:05:00,1,1,0.49538428544909263,0.47231957545448816,0.02306470999460447,56,1
CMP011,Peak Season Holdout Test,C045719,2025-11-09 21:50:00,1,0,0.5065533459059344,0.4834916865386377,0.02306165936729665,57,1
CMP011,Peak Season Holdout Test,C006221,2025-11-09 20:28:00,1,0,0.5130211313926273,0.48996060317286505,0.023060528219762233,58,1
CMP011,Peak Season Holdout Test,C028848,2025-11-09 21:13:00,0,1,0.5006923547369221,0.4776656887185901,0.023026666018331976,59,1
CMP011,Peak Season Holdout Test,C007342,2025-11-09 20:16:00,1,0,0.5008180476704044,0.4778256974776862,0.02299235019271817,60,1
CMP011,Peak Season Holdout Test,C012545,2025-11-09 21:11:00,0,0,0.5128568922045118,0.48993506151763916,0.022921830686872646,61,1
CMP012,Year End Save,C043722,2025-12-10 18:21:00,1,0,0.5577784409785056,0.5348853652359016,0.02289307574260402,62,1
CMP011,Peak Season Holdout Test,C033415,2025-11-09 20:02:00,1,0,0.5063960542443314,0.4836095073745191,0.022786546869812352,63,1
CMP011,Peak Season Holdout Test,C004871,2025-11-09 21:06:00,1,0,0.5127007003525228,0.4899749760307736,0.022725724321749186,64,1
CMP011,Peak Season Holdout Test,C047619,2025-11-09 21:09:00,1,0,0.4949346179221177,0.47222014766146403,0.022714470260653652,65,1
CMP011,Peak Season Holdout Test,C028589,2025-11-09 20:15:00,1,0,0.4951229169081057,0.47242403616026446,0.022698880747841266,66,1
CMP011,Peak Season Holdout Test,C005945,2025-11-09 20:02:00,0,1,0.49508439210281546,0.47241551748445115,0.02266887461836431,67,1
CMP011,Peak Season Holdout Test,C027690,2025-11-09 20:13:00,1,0,0.5003335379195978,0.477763513558452,0.022570024361145802,68,1
CMP011,Peak Season Holdout Test,C016037,2025-11-09 20:54:00,1,1,0.5414764911998451,0.5189200570771988,0.022556434122646296,69,1
CMP011,Peak Season Holdout Test,C013497,2025-11-09 20:44:00,1,0,0.5002901098957017,0.4777579398714586,0.02253217002424307,70,1
CMP011,Peak Season Holdout Test,C017320,2025-11-09 20:01:00,0,0,0.5060997635847905,0.4836134353342565,0.022486328250533982,71,1
CMP011,Peak Season Holdout Test,C009619,2025-11-09 21:01:00,1,0,0.5059548196561136,0.48349962115287537,0.022455198503238183,72,1
CMP011,Peak Season Holdout Test,C001643,2025-11-09 21:53:00,1,1,0.5059401639066212,0.48349981544013815,0.022440348466483073,73,1
CMP012,Year End Save,C001348,2025-12-10 16:35:00,1,0,0.5126098493460057,0.49020854411752307,0.02240130522848266,74,1
CMP011,Peak Season Holdout Test,C002431,2025-11-09 20:29:00,1,1,0.5124620543693125,0.4901034745310999,0.022358579838212544,75,1
CMP011,Peak Season Holdout Test,C013768,2025-11-09 21:58:00,1,0,0.49443127793095837,0.47210885259191265,0.022322425339045715,76,1
CMP011,Peak Season Holdout Test,C029207,2025-11-09 21:03:00,1,0,0.4942563430348151,0.4720701722690922,0.02218617076572288,77,1
CMP011,Peak Season Holdout Test,C007317,2025-11-09 21:46:00,1,0,0.5056883876183887,0.4835031531494613,0.02218523446892745,78,1
CMP011,Peak Season Holdout Test,C000043,2025-11-09 20:59:00,1,0,0.5058018094879047,0.4836173852911442,0.022184424196760477,79,1
CMP011,Peak Season Holdout Test,C037156,2025-11-09 20:09:00,0,0,0.49983516196449446,0.4776995507969369,0.02213561116755758,80,1
CMP011,Peak Season Holdout Test,C034632,2025-11-09 21:15:00,0,1,0.4996479893404205,0.4775316555064413,0.022116333833979207,81,1
CMP011,Peak Season Holdout Test,C041552,2025-11-09 21:09:00,0,0,0.49959357351340605,0.4775246719005402,0.022068901612865843,82,1
CMP011,Peak Season Holdout Test,C030222,2025-11-09 21:26:00,0,0,0.49951404270698313,0.47751446510772216,0.021999577599260967,83,1
CMP011,Peak Season Holdout Test,C042267,2025-11-09 21:45:00,1,0,0.5113014367198785,0.4893159087777818,0.021985527942096683,84,1
CMP011,Peak Season Holdout Test,C006377,2025-11-09 21:32:00,0,0,0.5054837567630844,0.48350586584126404,0.021977890921820398,85,1
CMP011,Peak Season Holdout Test,C032714,2025-11-09 20:25:00,1,1,0.5055610927409413,0.48362057641790185,0.02194051632303945,86,1
CMP011,Peak Season Holdout Test,C014955,2025-11-09 20:58:00,0,0,0.49954215361834536,0.47766194573509,0.021880207883255343,87,1
CMP011,Peak Season Holdout Test,C009010,2025-11-09 21:05:00,0,1,0.49936910834293236,0.4774958646191078,0.021873243723824543,88,1
CMP011,Peak Season Holdout Test,C044972,2025-11-09 20:15:00,1,0,0.49949610947311457,0.47765603639123966,0.02184007308187491,89,1
CMP011,Peak Season Holdout Test,C035142,2025-11-09 21:35:00,1,0,0.4992979492700771,0.4774867322720878,0.02181121699798927,90,1
CMP011,Peak Season Holdout Test,C041655,2025-11-09 20:18:00,1,0,0.5054307091804298,0.4836223048690813,0.02180840431134845,91,1
CMP011,Peak Season Holdout Test,C044841,2025-11-09 20:48:00,1,0,0.49395899020232903,0.4721666675395021,0.021792322662826935,92,1
CMP011,Peak Season Holdout Test,C000157,2025-11-09 20:24:00,1,0,0.5054090015589129,0.48362259263882795,0.021786408920084932,93,1
CMP011,Peak Season Holdout Test,C020278,2025-11-09 20:07:00,1,0,0.5119415380064826,0.49023648604959547,0.0217050519568871,94,1
CMP011,Peak Season Holdout Test,C032988,2025-11-09 21:37:00,1,0,0.49916871191102286,0.4774701463568044,0.021698565554218452,95,1
CMP011,Peak Season Holdout Test,C029381,2025-11-09 20:23:00,1,0,0.5052665879985593,0.4836244805552694,0.02164210744328987,96,1
CMP011,Peak Season Holdout Test,C024238,2025-11-09 20:08:00,0,0,0.5052504108697434,0.4836246950079433,0.02162571586180012,97,1
CMP011,Peak Season Holdout Test,C033610,2025-11-09 21:21:00,0,0,0.49907296122579586,0.4774578580386535,0.02161510318714238,98,1
CMP011,Peak Season Holdout Test,C019319,2025-11-09 20:25:00,1,0,0.505174917457125,0.48362569578716785,0.021549221669957097,99,1
CMP011,Peak Season Holdout Test,C005748,2025-11-09 20:56:00,1,1,0.5403193157548426,0.5187704576857174,0.02154885806912521,100,1
CMP011,Peak Season Holdout Test,C003990,2025-11-09 21:48:00,1,0,0.49335327284264285,0.47187049219245114,0.021482780650191713,101,1
CMP011,Peak Season Holdout Test,C016506,2025-11-09 20:19:00,1,0,0.4935434526298367,0.47207478367598704,0.021468668953849634,102,1
CMP011,Peak Season Holdout Test,C010220,2025-11-09 20:29:00,1,0,0.4935150347261648,0.4720684998941877,0.021446534831977115,103,1
CMP011,Peak Season Holdout Test,C001352,2025-11-09 20:28:00,1,0,0.5050547635367691,0.4836272886027247,0.021427474934044455,104,1
CMP011,Peak Season Holdout Test,C007689,2025-11-09 20:44:00,0,0,0.49347524973146406,0.4720597026145386,0.02141554711692545,105,1
CMP011,Peak Season Holdout Test,C025094,2025-11-09 20:07:00,1,0,0.511692909110879,0.49030001822447145,0.0213928908864075,106,1
CMP011,Peak Season Holdout Test,C038456,2025-11-09 20:13:00,1,0,0.49897837522562416,0.4775895902796874,0.021388784945936767,107,1
CMP011,Peak Season Holdout Test,C021361,2025-11-09 20:03:00,1,1,0.49895195225374106,0.47758619916538286,0.021365753088358197,108,1
CMP011,Peak Season Holdout Test,C004847,2025-11-09 20:32:00,0,0,0.49888890340416187,0.4775781075049444,0.021310795899217472,109,1
CMP011,Peak Season Holdout Test,C042185,2025-11-09 20:56:00,1,0,0.4932643275011854,0.4720130633584609,0.02125126414272449,110,1
CMP011,Peak Season Holdout Test,C005605,2025-11-09 20:20:00,1,0,0.5115549240780773,0.490335277053714,0.021219647024363353,111,1
CMP011,Peak Season Holdout Test,C023949,2025-11-09 21:20:00,1,0,0.4986038886280766,0.4773976591041177,0.021206229523958897,112,1
CMP011,Peak Season Holdout Test,C033380,2025-11-09 20:38:00,1,0,0.5048220587264983,0.48363037342367315,0.02119168530282517,113,1
CMP011,Peak Season Holdout Test,C008565,2025-11-09 21:08:00,0,0,0.49858191316700995,0.47739483886894984,0.021187074298060105,114,1
CMP011,Peak Season Holdout Test,C013347,2025-11-09 21:24:00,1,1,0.4985607225490263,0.47739211935783155,0.021168603191194735,115,1
CMP011,Peak Season Holdout Test,C016626,2025-11-09 21:55:00,0,0,0.5046827758521063,0.48351648383953916,0.021166292012567145,116,1
CMP011,Peak Season Holdout Test,C006887,2025-11-09 21:57:00,1,0,0.5046780746980751,0.4835165461582334,0.021161528539841712,117,1
CMP011,Peak Season Holdout Test,C040084,2025-11-09 21:24:00,1,1,0.4984898255811993,0.47738302075630423,0.021106804824895076,118,1
CMP011,Peak Season Holdout Test,C012161,2025-11-09 21:17:00,1,0,0.4927388306375139,0.47173463110030517,0.021004199537208723,119,1
CMP011,Peak Season Holdout Test,C006924,2025-11-09 20:49:00,1,0,0.4985244765762925,0.47753133726683095,0.02099313930946156,120,1
CMP011,Peak Season Holdout Test,C027487,2025-11-09 21:21:00,1,0,0.4983548337389257,0.4773656965233115,0.020989137215614184,121,1
CMP011,Peak Season Holdout Test,C000665,2025-11-09 20:51:00,1,0,0.5046029022545769,0.4836332786186365,0.02096962363594046,122,1
CMP011,Peak Season Holdout Test,C012766,2025-11-09 21:54:00,1,0,0.5044854649503512,0.4835190993922364,0.020966365558114763,123,1
CMP011,Peak Season Holdout Test,C009955,2025-11-09 21:04:00,1,0,0.5044544924028582,0.4835195099626088,0.02093498244024944,124,1
CMP011,Peak Season Holdout Test,C012426,2025-11-09 21:09:00,1,0,0.49828707629486463,0.4773570008532446,0.02093007544162001,125,1
CMP011,Peak Season Holdout Test,C008556,2025-11-09 21:41:00,0,1,0.498270333152262,0.47735485211835427,0.020915481033907724,126,1
CMP011,Peak Season Holdout Test,C018410,2025-11-09 20:12:00,1,1,0.49837875858480496,0.4775126359968426,0.020866122587962332,127,1
CMP011,Peak Season Holdout Test,C001092,2025-11-09 21:07:00,1,0,0.4981403123203962,0.4773381658775044,0.0208021464428918,128,1
CMP011,Peak Season Holdout Test,C029330,2025-11-09 21:17:00,1,0,0.49235489421372025,0.47164973749598404,0.020705156717736206,129,1
CMP011,Peak Season Holdout Test,C010686,2025-11-09 21:57:00,0,0,0.4923258467534371,0.4716433146912679,0.02068253206216919,130,1
CMP011,Peak Season Holdout Test,C027579,2025-11-09 20:35:00,1,0,0.492528013490383,0.4718502487127074,0.020677764777675578,131,1
CMP011,Peak Season Holdout Test,C039582,2025-11-09 20:46:00,1,0,0.4924699180109988,0.47183740252854783,0.020632515482450986,132,1
CMP011,Peak Season Holdout Test,C008317,2025-11-09 20:30:00,0,0,0.4924307668242825,0.47182874533852037,0.020602021485762123,133,1
CMP011,Peak Season Holdout Test,C016881,2025-11-09 20:34:00,1,1,0.4980080554062789,0.4774650605189143,0.020542994887364607,134,1
CMP011,Peak Season Holdout Test,C046863,2025-11-09 20:18:00,1,0,0.5041470235699966,0.4836393217942898,0.02050770177570682,135,1
CMP011,Peak Season Holdout Test,C019074,2025-11-09 20:24:00,1,0,0.5109794572066987,0.4904823203182284,0.02049713688847027,136,1
CMP011,Peak Season Holdout Test,C017288,2025-11-09 21:46:00,1,0,0.5039408134281983,0.48352631920216055,0.02041449422603775,137,1
CMP011,Peak Season Holdout Test,C020641,2025-11-09 20:08:00,0,0,0.49772133092829834,0.4774282628290749,0.020293068099223432,138,1
CMP011,Peak Season Holdout Test,C027472,2025-11-09 21:10:00,1,0,0.4975027694764047,0.4772563469544594,0.020246422521945306,139,1
CMP011,Peak Season Holdout Test,C034635,2025-11-09 20:17:00,0,0,0.5038814022186602,0.48364284285819786,0.020238559360462316,140,1
CMP011,Peak Season Holdout Test,C040164,2025-11-09 21:21:00,1,0,0.5184836243518772,0.4982574882175887,0.02022613613428853,141,1
CMP011,Peak Season Holdout Test,C033545,2025-11-09 21:35:00,1,0,0.5037479223466412,0.48352887610526796,0.020219046241373273,142,1
CMP011,Peak Season Holdout Test,C044385,2025-11-09 20:20:00,0,0,0.4976221811058213,0.477415538137481,0.020206642968340294,143,1
CMP011,Peak Season Holdout Test,C012665,2025-11-09 20:10:00,1,1,0.5368412464377228,0.5166430035977048,0.020198242840018032,144,1
CMP011,Peak Season Holdout Test,C047448,2025-11-09 21:21:00,1,0,0.49166218993721367,0.47149657012805746,0.02016561980915621,145,1
CMP011,Peak Season Holdout Test,C014628,2025-11-09 20:16:00,0,0,0.5038072877950898,0.4836438253104682,0.020163462484621586,146,1
CMP011,Peak Season Holdout Test,C028007,2025-11-09 20:28:00,1,0,0.49184603621989587,0.4716994480357939,0.020146588184101977,147,1
CMP011,Peak Season Holdout Test,C009551,2025-11-09 20:10:00,1,0,0.5037767293737837,0.4836442303887732,0.020132498985010516,148,1
CMP012,Year End Save,C022672,2025-12-10 16:08:00,1,0,0.5546199296561483,0.5345032704334798,0.020116659222668476,149,1
CMP011,Peak Season Holdout Test,C049177,2025-11-09 21:36:00,1,0,0.4915605285853793,0.4714740911384932,0.020086437446886096,150,1
CMP011,Peak Season Holdout Test,C031886,2025-11-09 21:37:00,0,0,0.5035842060278071,0.4835310462660013,0.020053159761805772,151,1
CMP011,Peak Season Holdout Test,C024994,2025-11-09 20:18:00,0,0,0.491662286317249,0.4716588165133726,0.020003469803876406,152,1
CMP011,Peak Season Holdout Test,C042865,2025-11-09 21:04:00,0,0,0.4972113388477235,0.47721894634292555,0.01999239250479795,153,1
CMP011,Peak Season Holdout Test,C045982,2025-11-09 20:49:00,1,1,0.49727842833780644,0.47737142162380747,0.019907006713998976,154,1
CMP011,Peak Season Holdout Test,C014672,2025-11-09 20:35:00,1,0,0.497269272095378,0.47737024653123544,0.01989902556414258,155,1
CMP011,Peak Season Holdout Test,C030850,2025-11-09 20:01:00,0,0,0.49726796406089485,0.47737007866088843,0.01989788540000642,156,1
CMP011,Peak Season Holdout Test,C046665,2025-11-09 20:44:00,1,0,0.5035372388866595,0.4836474050303513,0.01988983385630816,157,1
CMP011,Peak Season Holdout Test,C000506,2025-11-09 20:33:00,1,0,0.4914873787081218,0.47162014012094156,0.019867238587180258,158,1
CMP011,Peak Season Holdout Test,C029147,2025-11-09 21:22:00,1,0,0.49698583457057244,0.47719000636817915,0.019795828202393284,159,1
CMP011,Peak Season Holdout Test,C024624,2025-11-09 21:47:00,1,0,0.49695365714394096,0.47718587689470465,0.01976778024923631,160,1
CMP011,Peak Season Holdout Test,C011732,2025-11-09 21:29:00,1,1,0.4968696820281192,0.4771750999908167,0.01969458203730251,161,1
CMP011,Peak Season Holdout Test,C023134,2025-11-09 21:46:00,0,0,0.49685372415988976,0.47717305204575144,0.01968067211413832,162,1
CMP011,Peak Season Holdout Test,C004183,2025-11-09 20:25:00,1,0,0.49698909199187713,0.4773342888197047,0.01965480317217244,163,1
CMP011,Peak Season Holdout Test,C038871,2025-11-09 21:53:00,0,1,0.4967456817141038,0.4771591864706668,0.01958649524343703,164,1
CMP011,Peak Season Holdout Test,C036403,2025-11-09 20:36:00,1,1,0.4969051168029562,0.4773235116241749,0.01958160517878127,165,1
CMP011,Peak Season Holdout Test,C004080,2025-11-09 21:59:00,1,0,0.5031146236600325,0.4835372708183074,0.01957735284172507,166,1
CMP011,Peak Season Holdout Test,C039405,2025-11-09 21:01:00,1,0,0.5030730025663424,0.48353782252357264,0.019535180042769718,167,1
CMP011,Peak Season Holdout Test,C049735,2025-11-09 20:18:00,1,1,0.49097908518415045,0.4715077431542667,0.019471342029883765,168,1
CMP011,Peak Season Holdout Test,C018239,2025-11-09 20:58:00,0,0,0.4967578336407019,0.47730460961572224,0.019453224024979676,169,1
CMP011,Peak Season Holdout Test,C037491,2025-11-09 20:21:00,0,0,0.4967549560000688,0.4773042403053696,0.019450715694699194,170,1
CMP011,Peak Season Holdout Test,C027327,2025-11-09 21:22:00,1,0,0.496549741111732,0.4771340405175449,0.019415700594187124,171,1
CMP011,Peak Season Holdout Test,C000867,2025-11-09 21:11:00,1,0,0.4965324753675938,0.47713182472482735,0.01940065064276647,172,1
CMP011,Peak Season Holdout Test,C005325,2025-11-09 20:52:00,1,0,0.49667490535658054,0.4772939667727788,0.019380938583801743,173,1
CMP011,Peak Season Holdout Test,C004737,2025-11-09 21:29:00,1,0,0.5029182712876922,0.4835398735478179,0.019378397739874265,174,1
CMP011,Peak Season Holdout Test,C000190,2025-11-09 21:29:00,0,0,0.4906260356461976,0.4712674574111774,0.019358578235020185,175,1
CMP011,Peak Season Holdout Test,C015919,2025-11-09 21:02:00,0,0,0.4963857168804728,0.4771129905230797,0.019272726357393077,176,1
CMP011,Peak Season Holdout Test,C009025,2025-11-09 20:57:00,1,0,0.49652579187048923,0.4772748298515365,0.01925096201895271,177,1
CMP011,Peak Season Holdout Test,C035086,2025-11-09 20:46:00,0,0,0.49652369905396765,0.4772745612636428,0.019249137790324833,178,1
CMP011,Peak Season Holdout Test,C032970,2025-11-09 20:36:00,1,0,0.4906880086526149,0.4714433779927684,0.019244630659846496,179,1
CMP011,Peak Season Holdout Test,C022530,2025-11-09 20:51:00,1,0,0.4906494935716109,0.47143486119866945,0.019214632372941465,180,1
CMP012,Year End Save,C020338,2025-12-10 11:24:00,1,0,0.50948284909932,0.4903284208337691,0.01915442826555086,181,1
CMP011,Peak Season Holdout Test,C028438,2025-11-09 20:49:00,1,0,0.49636045974638193,0.4772536114484395,0.019106848297942458,182,1
CMP011,Peak Season Holdout Test,C047395,2025-11-09 21:44:00,1,0,0.5358017921801397,0.516732097279311,0.01906969490082866,183,1
CMP011,Peak Season Holdout Test,C026232,2025-11-09 20:12:00,1,0,0.49045502568691224,0.47139185862352084,0.019063167063391395,184,1
CMP011,Peak Season Holdout Test,C037138,2025-11-09 21:29:00,0,0,0.49612830244400874,0.47707995528901054,0.019048347154998202,185,1
CMP011,Peak Season Holdout Test,C009452,2025-11-09 20:06:00,1,1,0.5353332686367838,0.5163071846963299,0.01902608394045391,186,1
CMP011,Peak Season Holdout Test,C021025,2025-11-09 21:04:00,1,0,0.49017964856329127,0.4711687513921849,0.019010897171106378,187,1
CMP011,Peak Season Holdout Test,C005670,2025-11-09 21:07:00,1,1,0.4901322958186508,0.4711582805887888,0.01897401522986203,188,1
CMP011,Peak Season Holdout Test,C027669,2025-11-09 20:53:00,1,0,0.4961820484431029,0.4772307144663096,0.018951333976793272,189,1
CMP011,Peak Season Holdout Test,C036708,2025-11-09 21:18:00,0,0,0.4960087519167651,0.4770646127738823,0.018944139142882788,190,1
CMP011,Peak Season Holdout Test,C039082,2025-11-09 20:34:00,1,1,0.4902258351073266,0.47134117756225674,0.01888465754506985,191,1
CMP011,Peak Season Holdout Test,C006545,2025-11-09 20:41:00,1,0,0.49019047824634204,0.47133335904891005,0.018857119197431993,192,1
CMP011,Peak Season Holdout Test,C003975,2025-11-09 21:15:00,1,0,0.49588213872718495,0.47704836385538185,0.0188337748718031,193,1
CMP011,Peak Season Holdout Test,C022023,2025-11-09 19:59:00,1,0,0.4903642029953992,0.47153399542459146,0.018830207570807722,194,1
CMP011,Peak Season Holdout Test,C046534,2025-11-09 20:20:00,1,0,0.49015133326474386,0.4713247028541114,0.018826630410632483,195,1
CMP011,Peak Season Holdout Test,C013108,2025-11-09 21:23:00,0,0,0.4958588566067686,0.47704537593970486,0.01881348066706373,196,1
CMP011,Peak Season Holdout Test,C048767,2025-11-09 21:17:00,0,0,0.48989616612541514,0.4711060665615653,0.01879009956384986,197,1
CMP011,Peak Season Holdout Test,C016273,2025-11-09 21:24:00,1,0,0.49580470612666905,0.4770384265242042,0.018766279602464853,198,1
CMP011,Peak Season Holdout Test,C034354,2025-11-09 20:55:00,1,0,0.4959560273141524,0.477201707283263,0.018754320030889393,199,1
CMP012,Year End Save,C047936,2025-12-10 15:20:00,1,1,0.5530205785930455,0.5343080950156824,0.018712483577363104,200,1
CMP011,Peak Season Holdout Test,C032410,2025-11-09 21:47:00,1,1,0.4897907299849332,0.47108275194605653,0.018707978038876694,201,1
CMP011,Peak Season Holdout Test,C017538,2025-11-09 21:24:00,1,0,0.49572779691860347,0.4770285563551502,0.01869924056345329,202,1
CMP011,Peak Season Holdout Test,C018005,2025-11-09 21:15:00,0,0,0.4957236113892385,0.47702801920360755,0.018695592185630938,203,1
CMP011,Peak Season Holdout Test,C019885,2025-11-09 21:06:00,0,0,0.4897244382652932,0.4710680931206625,0.018656345144630715,204,1
CMP011,Peak Season Holdout Test,C043593,2025-11-09 20:16:00,0,1,0.4958103178039881,0.4771830071321877,0.0186273106718004,205,1
CMP011,Peak Season Holdout Test,C025705,2025-11-09 21:15:00,1,1,0.4896316304654808,0.4710475708489524,0.018584059616528426,206,1
CMP011,Peak Season Holdout Test,C047963,2025-11-09 20:36:00,1,0,0.4957234679481426,0.4771718609325259,0.0185516070156167,207,1
CMP011,Peak Season Holdout Test,C043171,2025-11-09 21:35:00,0,0,0.49542382444329547,0.4769895458626437,0.018434278580651775,208,1
CMP011,Peak Season Holdout Test,C039528,2025-11-09 21:42:00,0,1,0.4953286048350819,0.4769773257660865,0.01835127906899542,209,1
CMP011,Peak Season Holdout Test,C014435,2025-11-09 20:37:00,0,0,0.49545167144635527,0.47713697884621253,0.018314692600142735,210,1
CMP011,Peak Season Holdout Test,C008740,2025-11-09 21:33:00,1,0,0.49528465743747213,0.47697168573081694,0.01831297170665519,211,1
CMP011,Peak Season Holdout Test,C030024,2025-11-09 21:51:00,1,1,0.49520094831082945,0.47696094282274165,0.018240005488087796,212,1
CMP011,Peak Season Holdout Test,C016049,2025-11-09 21:55:00,0,0,0.5355506950302347,0.5173613538790335,0.018189341151201188,213,1
CMP011,Peak Season Holdout Test,C035982,2025-11-09 20:36:00,1,1,0.4952505071339791,0.47711116154575134,0.018139345588227773,214,1
CMP011,Peak Season Holdout Test,C031767,2025-11-09 20:32:00,0,0,0.4892529269621251,0.4711260339725123,0.018126892989612786,215,1
CMP011,Peak Season Holdout Test,C006295,2025-11-09 20:43:00,1,1,0.49503469537642997,0.4770834643177905,0.017951231058639494,216,1
CMP011,Peak Season Holdout Test,C039191,2025-11-09 20:49:00,1,0,0.4889978753101257,0.47106963210341624,0.017928243206709438,217,1
CMP011,Peak Season Holdout Test,C030095,2025-11-09 20:13:00,0,0,0.48899471876588646,0.4710689340651068,0.017925784700779657,218,1
CMP011,Peak Season Holdout Test,C026875,2025-11-09 20:48:00,0,0,0.4889770421343733,0.4710650250526651,0.017912017081708198,219,1
CMP011,Peak Season Holdout Test,C039658,2025-11-09 21:31:00,1,0,0.48867265955093764,0.47083551311843197,0.01783714643250567,220,1
CMP011,Peak Season Holdout Test,C031903,2025-11-09 21:13:00,1,0,0.4947334902349472,0.47690095078764067,0.01783253944730656,221,1
CMP011,Peak Season Holdout Test,C025377,2025-11-09 20:52:00,1,0,0.4948780041157241,0.4770633545399735,0.017814649575750574,222,1
CMP011,Peak Season Holdout Test,C010171,2025-11-09 20:29:00,1,0,0.4948662326923147,0.4770618437917208,0.017804388900593937,223,1
CMP011,Peak Season Holdout Test,C035297,2025-11-09 21:43:00,1,0,0.4946696634154509,0.4768927594254589,0.017776903989991988,224,1
CMP011,Peak Season Holdout Test,C034936,2025-11-09 21:49:00,1,1,0.494597989243377,0.47688356094339934,0.017714428299977658,225,1
CMP011,Peak Season Holdout Test,C010586,2025-11-09 20:56:00,1,0,0.4887175776314433,0.4710076467429549,0.01770993088848838,226,1
CMP011,Peak Season Holdout Test,C001246,2025-11-09 21:03:00,1,1,0.4945127129631657,0.47687261678444237,0.017640096178723308,227,1
CMP011,Peak Season Holdout Test,C035204,2025-11-09 21:44:00,0,0,0.48839047629754273,0.47077311235113406,0.01761736394640867,228,1
CMP011,Peak Season Holdout Test,C045569,2025-11-09 20:14:00,1,0,0.4885477610815148,0.4709700929841856,0.017577668097329247,229,1
CMP011,Peak Season Holdout Test,C036042,2025-11-09 21:39:00,1,0,0.49443371497608124,0.4768624783502548,0.017571236625826436,230,1
CMP011,Peak Season Holdout Test,C020324,2025-11-09 20:31:00,1,0,0.49458816719646753,0.4770261566828898,0.017562010513577753,231,1
CMP011,Peak Season Holdout Test,C042260,2025-11-09 20:27:00,1,0,0.48838994137818775,0.4709351920160103,0.017454749362177446,232,1
CMP011,Peak Season Holdout Test,C007670,2025-11-09 20:59:00,0,1,0.4883577464419355,0.47092807225339156,0.017429674188543964,233,1
CMP011,Peak Season Holdout Test,C038906,2025-11-09 20:54:00,1,0,0.4943744540253082,0.47699872846231517,0.01737572556299305,234,1
CMP011,Peak Season Holdout Test,C005096,2025-11-09 20:57:00,1,0,0.48825169321887946,0.4709046190013875,0.01734707421749193,235,1
CMP011,Peak Season Holdout Test,C035183,2025-11-09 20:36:00,0,0,0.48824538056028843,0.47090322297853254,0.01734215758175589,236,1
CMP011,Peak Season Holdout Test,C026079,2025-11-09 21:25:00,1,1,0.5329568076900036,0.5156156282486262,0.017341179441377474,237,1
CMP012,Year End Save,C001363,2025-12-10 12:41:00,0,0,0.506939931592785,0.48960185279004614,0.01733807880273891,238,1
CMP011,Peak Season Holdout Test,C005216,2025-11-09 20:16:00,0,0,0.48819803574050724,0.4708927528216305,0.01730528291887673,239,1
CMP011,Peak Season Holdout Test,C032261,2025-11-09 20:18:00,1,1,0.4942910096566401,0.47698801907234617,0.01730299058429391,240,1
CMP011,Peak Season Holdout Test,C021289,2025-11-09 20:18:00,1,0,0.488166472644908,0.47088577273125853,0.017280699913649444,241,1
CMP011,Peak Season Holdout Test,C021408,2025-11-09 20:00:00,1,0,0.48813554090277067,0.47087893225374106,0.017256608649029614,242,1
CMP011,Peak Season Holdout Test,C001200,2025-11-09 21:10:00,1,0,0.4878349695366186,0.47065026787438186,0.017184701662236734,243,1
CMP011,Peak Season Holdout Test,C009436,2025-11-09 21:28:00,0,0,0.48781918852700684,0.47064677802634214,0.017172410500664703,244,1
CMP011,Peak Season Holdout Test,C016894,2025-11-09 21:25:00,1,0,0.48066727174454354,0.46352110817482045,0.017146163569723094,245,1
CMP011,Peak Season Holdout Test,C017956,2025-11-09 21:28:00,1,1,0.48066727174454354,0.46352110817482045,0.017146163569723094,246,1
CMP011,Peak Season Holdout Test,C023635,2025-11-09 21:12:00,1,0,0.48066727174454354,0.46352110817482045,0.017146163569723094,247,1
CMP011,Peak Season Holdout Test,C042615,2025-11-09 21:35:00,0,0,0.48066727174454354,0.46352110817482045,0.017146163569723094,248,1
CMP011,Peak Season Holdout Test,C030674,2025-11-09 21:31:00,1,0,0.48066727174454354,0.46352110817482045,0.017146163569723094,249,1
CMP011,Peak Season Holdout Test,C032983,2025-11-09 21:34:00,1,1,0.48066727174454354,0.46352110817482045,0.017146163569723094,250,1
CMP011,Peak Season Holdout Test,C003554,2025-11-09 21:44:00,1,1,0.48066727174454354,0.46352110817482045,0.017146163569723094,251,1
CMP011,Peak Season Holdout Test,C049928,2025-11-09 21:04:00,1,0,0.48066727174454354,0.46352110817482045,0.017146163569723094,252,1
CMP011,Peak Season Holdout Test,C032513,2025-11-09 21:03:00,1,0,0.48066727174454354,0.46352110817482045,0.017146163569723094,253,1
CMP011,Peak Season Holdout Test,C024549,2025-11-09 21:03:00,1,1,0.48066727174454354,0.46352110817482045,0.017146163569723094,254,1
CMP011,Peak Season Holdout Test,C023448,2025-11-09 21:25:00,1,0,0.48066727174454354,0.46352110817482045,0.017146163569723094,255,1
CMP011,Peak Season Holdout Test,C047044,2025-11-09 21:08:00,1,1,0.48066727174454354,0.46352110817482045,0.017146163569723094,256,1
CMP011,Peak Season Holdout Test,C045864,2025-11-09 21:19:00,1,0,0.48066727174454354,0.46352110817482045,0.017146163569723094,257,1
CMP011,Peak Season Holdout Test,C042450,2025-11-09 21:41:00,1,0,0.48066727174454354,0.46352110817482045,0.017146163569723094,258,1
CMP011,Peak Season Holdout Test,C033650,2025-11-09 21:27:00,1,0,0.48066727174454354,0.46352110817482045,0.017146163569723094,259,1
CMP011,Peak Season Holdout Test,C028545,2025-11-09 21:44:00,1,0,0.48066727174454354,0.46352110817482045,0.017146163569723094,260,1
CMP011,Peak Season Holdout Test,C019654,2025-11-09 21:56:00,1,1,0.48066727174454354,0.46352110817482045,0.017146163569723094,261,1
CMP011,Peak Season Holdout Test,C047780,2025-11-09 21:13:00,1,0,0.48066727174454354,0.46352110817482045,0.017146163569723094,262,1
CMP011,Peak Season Holdout Test,C034876,2025-11-09 21:16:00,1,0,0.48066727174454354,0.46352110817482045,0.017146163569723094,263,1
CMP011,Peak Season Holdout Test,C038581,2025-11-09 21:45:00,1,0,0.48066727174454354,0.46352110817482045,0.017146163569723094,264,1
CMP011,Peak Season Holdout Test,C018699,2025-11-09 21:55:00,1,0,0.48066727174454354,0.46352110817482045,0.017146163569723094,265,1
CMP011,Peak Season Holdout Test,C032140,2025-11-09 21:12:00,0,0,0.48066727174454354,0.46352110817482045,0.017146163569723094,266,1
CMP011,Peak Season Holdout Test,C008495,2025-11-09 21:05:00,1,1,0.48066727174454354,0.46352110817482045,0.017146163569723094,267,1
CMP011,Peak Season Holdout Test,C010615,2025-11-09 21:39:00,0,0,0.48066727174454354,0.46352110817482045,0.017146163569723094,268,1
CMP011,Peak Season Holdout Test,C040765,2025-11-09 21:18:00,1,0,0.48066727174454354,0.46352110817482045,0.017146163569723094,269,1
CMP011,Peak Season Holdout Test,C028047,2025-11-09 21:45:00,1,1,0.49394351529006564,0.47679956677130536,0.017143948518760277,270,1
CMP011,Peak Season Holdout Test,C046568,2025-11-09 21:43:00,0,0,0.4877636395665556,0.470634493784075,0.017129145782480593,271,1
CMP011,Peak Season Holdout Test,C013068,2025-11-09 20:19:00,1,0,0.4879045026170148,0.47082783842088827,0.017076664196126523,272,1
CMP011,Peak Season Holdout Test,C007184,2025-11-09 21:47:00,1,0,0.49386399624311117,0.47678936133371264,0.017074634909398534,273,1
CMP011,Peak Season Holdout Test,C002308,2025-11-09 21:56:00,1,0,0.4876418116567115,0.4706075523318688,0.017034259324842704,274,1
CMP011,Peak Season Holdout Test,C002066,2025-11-09 21:37:00,1,0,0.4876064629000512,0.4705997351549877,0.01700672774506351,275,1
CMP011,Peak Season Holdout Test,C041177,2025-11-09 21:14:00,1,0,0.50490305242414,0.487897250239551,0.017005802184589025,276,1
CMP011,Peak Season Holdout Test,C020609,2025-11-09 21:48:00,0,1,0.5211210899735113,0.504231469087332,0.01688962088617929,277,1
CMP011,Peak Season Holdout Test,C005150,2025-11-09 20:03:00,0,0,0.48764317046255584,0.47077004449439475,0.016873125968161096,278,1
CMP011,Peak Season Holdout Test,C034131,2025-11-09 20:27:00,1,1,0.48046807921906665,0.46363898755072713,0.016829091668339513,279,1
CMP011,Peak Season Holdout Test,C037380,2025-11-09 20:01:00,0,0,0.48046807921906665,0.46363898755072713,0.016829091668339513,280,1
CMP011,Peak Season Holdout Test,C030965,2025-11-09 20:05:00,1,0,0.48046807921906665,0.46363898755072713,0.016829091668339513,281,1
CMP011,Peak Season Holdout Test,C014863,2025-11-09 20:51:00,1,0,0.48046807921906665,0.46363898755072713,0.016829091668339513,282,1
CMP011,Peak Season Holdout Test,C029261,2025-11-09 20:43:00,1,0,0.48046807921906665,0.46363898755072713,0.016829091668339513,283,1
CMP011,Peak Season Holdout Test,C009062,2025-11-09 20:20:00,0,1,0.48046807921906665,0.46363898755072713,0.016829091668339513,284,1
CMP011,Peak Season Holdout Test,C016576,2025-11-09 20:41:00,1,1,0.48046807921906665,0.46363898755072713,0.016829091668339513,285,1
CMP011,Peak Season Holdout Test,C007637,2025-11-09 20:58:00,1,0,0.48046807921906665,0.46363898755072713,0.016829091668339513,286,1
CMP011,Peak Season Holdout Test,C001750,2025-11-09 20:15:00,0,0,0.48046807921906665,0.46363898755072713,0.016829091668339513,287,1
CMP011,Peak Season Holdout Test,C028391,2025-11-09 20:22:00,0,0,0.48046807921906665,0.46363898755072713,0.016829091668339513,288,1
CMP011,Peak Season Holdout Test,C010054,2025-11-09 20:47:00,0,0,0.48046807921906665,0.46363898755072713,0.016829091668339513,289,1
CMP011,Peak Season Holdout Test,C020264,2025-11-09 20:47:00,1,1,0.48046807921906665,0.46363898755072713,0.016829091668339513,290,1
CMP011,Peak Season Holdout Test,C026426,2025-11-09 20:25:00,1,1,0.48046807921906665,0.46363898755072713,0.016829091668339513,291,1
CMP011,Peak Season Holdout Test,C040951,2025-11-09 20:16:00,1,0,0.48046807921906665,0.46363898755072713,0.016829091668339513,292,1
CMP011,Peak Season Holdout Test,C010835,2025-11-09 20:07:00,0,0,0.48046807921906665,0.46363898755072713,0.016829091668339513,293,1
CMP011,Peak Season Holdout Test,C045090,2025-11-09 20:08:00,1,1,0.48046807921906665,0.46363898755072713,0.016829091668339513,294,1
CMP011,Peak Season Holdout Test,C038803,2025-11-09 20:39:00,0,0,0.4875175566771596,0.47074226460080193,0.016775292076357695,295,1
CMP011,Peak Season Holdout Test,C011584,2025-11-09 21:19:00,1,0,0.49350302558497205,0.4767430342621307,0.01675999132284134,296,1
CMP011,Peak Season Holdout Test,C003193,2025-11-09 21:35:00,1,0,0.4934870697891449,0.4767409864805151,0.01674608330862981,297,1
CMP011,Peak Season Holdout Test,C037029,2025-11-09 21:50:00,1,0,0.487245407761836,0.4705198891035422,0.016725518658293803,298,1
CMP011,Peak Season Holdout Test,C025960,2025-11-09 21:30:00,0,0,0.4871210614146581,0.47049239002582943,0.016628671388828675,299,1
CMP011,Peak Season Holdout Test,C035028,2025-11-09 20:07:00,0,0,0.48732882335563593,0.47070052530249457,0.016628298053141366,300,1
CMP011,Peak Season Holdout Test,C038794,2025-11-09 21:18:00,1,0,0.4933272509978145,0.4767204751373216,0.016606775860492917,301,1
CMP011,Peak Season Holdout Test,C026539,2025-11-09 20:17:00,1,0,0.48726948987810387,0.4706874033334785,0.01658208654462534,302,1
CMP011,Peak Season Holdout Test,C041365,2025-11-09 21:07:00,1,1,0.5319630626659967,0.5153945200043907,0.01656854266160601,303,1
CMP011,Peak Season Holdout Test,C001243,2025-11-09 21:25:00,1,0,0.4869436970523954,0.4704531657630799,0.01649053128931549,304,1
CMP011,Peak Season Holdout Test,C022128,2025-11-09 21:51:00,1,0,0.527448843046908,0.5110239503459912,0.016424892700916738,305,1
CMP011,Peak Season Holdout Test,C001597,2025-11-09 21:23:00,0,1,0.5317535888465394,0.5153479185709272,0.01640567027561224,306,1
CMP011,Peak Season Holdout Test,C039281,2025-11-09 21:20:00,1,1,0.48683008459502936,0.47042804009254935,0.016402044502480007,307,1
CMP011,Peak Season Holdout Test,C006187,2025-11-09 20:05:00,1,1,0.4870157486491137,0.47063128643399443,0.016384462215119244,308,1
CMP011,Peak Season Holdout Test,C011399,2025-11-09 21:12:00,1,0,0.48672278519022816,0.4704043104302171,0.01631847476001108,309,1
CMP011,Peak Season Holdout Test,C006781,2025-11-09 21:52:00,1,0,0.48667860343749825,0.47039453943166704,0.01628406400583121,310,1
CMP011,Peak Season Holdout Test,C016406,2025-11-09 21:29:00,0,0,0.48662811026075736,0.47038337260396734,0.01624473765679002,311,1
CMP011,Peak Season Holdout Test,C021840,2025-11-09 21:46:00,1,0,0.48658140431524505,0.4703730433147418,0.01620836100050327,312,1
CMP011,Peak Season Holdout Test,C012240,2025-11-09 21:31:00,1,0,0.48657572387837994,0.47037178705156674,0.016203936826813203,313,1
CMP011,Peak Season Holdout Test,C024035,2025-11-09 21:43:00,0,0,0.4865548956395549,0.4703671807564698,0.01618771488308507,314,1
CMP011,Peak Season Holdout Test,C015406,2025-11-09 21:13:00,1,0,0.4865384855448805,0.47036355155782744,0.016174933987053053,315,1
CMP011,Peak Season Holdout Test,C025156,2025-11-09 21:18:00,1,0,0.48652838703950346,0.47036131820637433,0.016167068833129128,316,1
CMP011,Peak Season Holdout Test,C026218,2025-11-09 21:11:00,1,0,0.4864797881363534,0.4703505702191073,0.016129217917246086,317,1
CMP011,Peak Season Holdout Test,C011563,2025-11-09 21:28:00,1,0,0.48647221430431886,0.47034889521058093,0.01612331909373793,318,1
CMP011,Peak Season Holdout Test,C037896,2025-11-09 21:34:00,0,0,0.4864621158712706,0.47034666186691815,0.016115454004352436,319,1
CMP011,Peak Season Holdout Test,C022397,2025-11-09 21:38:00,1,1,0.486371861617698,0.4703267014106728,0.016045160207025233,320,1
CMP011,Peak Season Holdout Test,C010825,2025-11-09 20:12:00,1,0,0.4865329014711575,0.47052449886373904,0.01600840260741848,321,1
CMP011,Peak Season Holdout Test,C031586,2025-11-09 21:16:00,0,1,0.48631442755506477,0.4703139993515668,0.01600042820349795,322,1
CMP011,Peak Season Holdout Test,C043857,2025-11-09 20:35:00,1,0,0.527184183080556,0.5111926868000878,0.015991496280468254,323,1
CMP012,Year End Save,C022277,2025-12-10 12:35:00,0,0,0.5052051435259199,0.4892172349331729,0.01598790859274707,324,1
CMP011,Peak Season Holdout Test,C031381,2025-11-09 20:41:00,0,0,0.4864729417930314,0.470511237850355,0.01596170394267643,325,1
CMP011,Peak Season Holdout Test,C033400,2025-11-09 21:11:00,0,0,0.4862279615714672,0.4702948765439005,0.015933085027566685,326,1
CMP011,Peak Season Holdout Test,C038281,2025-11-09 20:12:00,1,0,0.5088329986667349,0.4929049152936537,0.015928083373081214,327,1
CMP011,Peak Season Holdout Test,C042830,2025-11-09 20:11:00,1,1,0.5203932155907602,0.5044852718772105,0.015907943713549755,328,1
CMP011,Peak Season Holdout Test,C009499,2025-11-09 20:24:00,1,1,0.5271367067497208,0.5112289896177675,0.01590771713195327,329,1
CMP011,Peak Season Holdout Test,C005019,2025-11-09 21:11:00,1,0,0.5086359447863935,0.4927354393437389,0.01590050544265459,330,1
CMP011,Peak Season Holdout Test,C037149,2025-11-09 21:37:00,1,0,0.4861515944903133,0.47027798712936153,0.01587360736095178,331,1
CMP011,Peak Season Holdout Test,C048333,2025-11-09 20:24:00,1,0,0.5203505355694191,0.5044961931977289,0.015854342371690255,332,1
CMP011,Peak Season Holdout Test,C002770,2025-11-09 21:07:00,0,0,0.4860733346813234,0.47026067903962676,0.01581265564169665,333,1
CMP011,Peak Season Holdout Test,C036036,2025-11-09 20:49:00,1,0,0.4862671883948975,0.4704657319526642,0.015801456442233297,334,1
CMP011,Peak Season Holdout Test,C030833,2025-11-09 21:58:00,1,0,0.5085080527976195,0.49271899140477554,0.015789061392843917,335,1
CMP011,Peak Season Holdout Test,C043365,2025-11-09 21:18:00,1,1,0.5084824219578132,0.49271569509170415,0.015766726866109082,336,1
CMP011,Peak Season Holdout Test,C004438,2025-11-09 21:12:00,0,0,0.48600454234855506,0.4702454647294928,0.015759077619062256,337,1
CMP011,Peak Season Holdout Test,C038852,2025-11-09 21:00:00,0,0,0.48595910183224594,0.470235414940279,0.01572368689196696,338,1
CMP011,Peak Season Holdout Test,C022680,2025-11-09 20:14:00,1,0,0.4861605266509154,0.4704421416651496,0.015718384985765832,339,1
CMP011,Peak Season Holdout Test,C011216,2025-11-09 21:14:00,1,0,0.5200721030838944,0.5044999038022018,0.015572199281692622,340,1
CMP011,Peak Season Holdout Test,C011006,2025-11-09 21:05:00,1,0,0.5081345704927647,0.49267095947704825,0.015463611015716416,341,1
CMP011,Peak Season Holdout Test,C042777,2025-11-09 20:04:00,0,0,0.48575850533396425,0.4703532256153744,0.015405279718589848,342,1
CMP011,Peak Season Holdout Test,C014121,2025-11-09 20:47:00,1,0,0.5082304139621631,0.49282741763556226,0.015402996326600804,343,1
CMP011,Peak Season Holdout Test,C037742,2025-11-09 21:51:00,1,1,0.48553310838229957,0.47014119934124315,0.015391909041056417,344,1
CMP011,Peak Season Holdout Test,C004486,2025-11-09 21:54:00,1,1,0.48552679752470435,0.47013980357057006,0.015386993954134287,345,1
CMP011,Peak Season Holdout Test,C001825,2025-11-09 21:17:00,1,0,0.48547946623999033,0.47012933530541,0.01535013093458032,346,1
CMP011,Peak Season Holdout Test,C034705,2025-11-09 20:45:00,1,0,0.49888180368247553,0.48353861165070106,0.015343192031774477,347,1
CMP011,Peak Season Holdout Test,C048395,2025-11-09 20:58:00,0,1,0.5137558074566616,0.4984361478295359,0.015319659627125726,348,1
CMP011,Peak Season Holdout Test,C032454,2025-11-09 21:37:00,1,0,0.48543276629433807,0.47011900664287615,0.015313759651461922,349,1
CMP011,Peak Season Holdout Test,C009871,2025-11-09 20:44:00,0,0,0.48562976140476904,0.4703247505432769,0.015305010861492163,350,1
CMP011,Peak Season Holdout Test,C001167,2025-11-09 20:46:00,1,0,0.48561145972612,0.47032070263203896,0.015290757094081064,351,1
CMP012,Year End Save,C007074,2025-12-10 18:12:00,1,0,0.5478625513486366,0.5326715224403844,0.015191028908252191,352,1
CMP011,Peak Season Holdout Test,C006218,2025-11-09 21:33:00,1,0,0.5267415068836726,0.5115648038437377,0.015176703039934902,353,1
CMP011,Peak Season Holdout Test,C021584,2025-11-09 21:23:00,1,0,0.4852131537580407,0.47007043435699,0.01514271940105072,354,1
CMP011,Peak Season Holdout Test,C048827,2025-11-09 20:26:00,0,0,0.48541266812676503,0.47027673419264365,0.015135933934121382,355,1
CMP011,Peak Season Holdout Test,C016791,2025-11-09 20:38:00,0,0,0.4853615510304382,0.4702654280970505,0.01509612293338769,356,1
CMP011,Peak Season Holdout Test,C041373,2025-11-09 21:31:00,1,0,0.48513174710884577,0.4700524292570612,0.015079317851784568,357,1
CMP011,Peak Season Holdout Test,C044651,2025-11-09 20:13:00,1,0,0.48525931775762576,0.470242815997421,0.015016501760204748,358,1
CMP011,Peak Season Holdout Test,C019080,2025-11-09 20:48:00,1,0,0.5354187059417332,0.5204399165551953,0.01497878938653796,359,1
CMP011,Peak Season Holdout Test,C039171,2025-11-09 21:57:00,0,0,0.5132578972560513,0.4983268997254441,0.014930997530607226,360,1
CMP011,Peak Season Holdout Test,C008986,2025-11-09 20:39:00,1,0,0.5196022872153941,0.5046876483289775,0.014914638886416642,361,1
CMP011,Peak Season Holdout Test,C045346,2025-11-09 20:01:00,0,1,0.4851267949819509,0.47021350419823776,0.014913290783713118,362,1
CMP011,Peak Season Holdout Test,C011027,2025-11-09 21:17:00,1,1,0.5075016177831558,0.49258956114141395,0.014912056641741889,363,1
CMP012,Year End Save,C003973,2025-12-10 08:59:00,1,1,0.504587869205321,0.4897311015291949,0.014856767676126037,364,1
CMP011,Peak Season Holdout Test,C004721,2025-11-09 21:46:00,1,0,0.48483957318285614,0.4699878069437744,0.014851766239081743,365,1
CMP011,Peak Season Holdout Test,C035514,2025-11-09 20:02:00,1,0,0.48504034077346947,0.4701943818495013,0.014845958923968172,366,1
CMP011,Peak Season Holdout Test,C035946,2025-11-09 20:46:00,0,0,0.4849904880234074,0.4701833551334332,0.014807132889974206,367,1
CMP011,Peak Season Holdout Test,C016106,2025-11-09 20:30:00,1,0,0.5074285001315385,0.4927242897767699,0.014704210354768599,368,1
CMP011,Peak Season Holdout Test,C010194,2025-11-09 20:59:00,1,0,0.5021519788370026,0.4874501207294997,0.014701858107502852,369,1
CMP011,Peak Season Holdout Test,C027383,2025-11-09 20:58:00,0,0,0.4848371453651151,0.4701494376956279,0.014687707669487182,370,1
CMP012,Year End Save,C046540,2025-12-10 21:47:00,0,0,0.5016402559629491,0.48696311480301185,0.01467714115993729,371,1
CMP011,Peak Season Holdout Test,C043273,2025-11-09 21:06:00,0,0,0.5129867761200742,0.49833049975309024,0.014656276366983911,372,1
CMP012,Year End Save,C033763,2025-12-10 18:38:00,1,1,0.5022070951676649,0.48757668254164793,0.014630412626016998,373,1
CMP011,Peak Season Holdout Test,C001367,2025-11-09 21:13:00,1,0,0.5129156090037656,0.49833144471450413,0.014584164289261514,374,1
CMP011,Peak Season Holdout Test,C032575,2025-11-09 20:23:00,1,0,0.5129916588068315,0.49844629471120044,0.014545364095631064,375,1
CMP011,Peak Season Holdout Test,C044734,2025-11-09 21:56:00,1,0,0.5128257856825741,0.4983326373842669,0.014493148298307168,376,1
CMP011,Peak Season Holdout Test,C022636,2025-11-09 20:01:00,1,0,0.4845815806263782,0.4700929092454377,0.01448867138094051,377,1
CMP011,Peak Season Holdout Test,C037883,2025-11-09 21:49:00,1,0,0.48431772472057555,0.4698723825525567,0.014445342168018849,378,1
CMP011,Peak Season Holdout Test,C041238,2025-11-09 21:22:00,1,0,0.5191612565557987,0.5047329496186485,0.014428306937150248,379,1
CMP011,Peak Season Holdout Test,C020303,2025-11-09 21:30:00,1,0,0.519157201940032,0.5047339869390838,0.01442321500094823,380,1
CMP011,Peak Season Holdout Test,C002696,2025-11-09 21:42:00,0,0,0.4842098255795468,0.46984851648397197,0.014361309095574815,381,1
CMP011,Peak Season Holdout Test,C034914,2025-11-09 20:00:00,1,1,0.5191528520624498,0.5048026342692402,0.014350217793209552,382,1
CMP011,Peak Season Holdout Test,C036987,2025-11-09 20:51:00,0,0,0.4843727176492402,0.4700467100200689,0.0143260076291713,383,1
CMP011,Peak Season Holdout Test,C007950,2025-11-09 20:05:00,1,0,0.501662484563107,0.4873416303257403,0.014320854237366731,384,1
CMP011,Peak Season Holdout Test,C025507,2025-11-09 20:53:00,0,1,0.5069618761839155,0.49266428350535657,0.014297592678558957,385,1
CMP011,Peak Season Holdout Test,C004895,2025-11-09 20:14:00,0,0,0.5016296409518127,0.4873343510122007,0.014295289939612044,386,1
CMP012,Year End Save,C035149,2025-12-10 19:43:00,1,0,0.5015501287842559,0.4872684256794512,0.014281703104804644,387,1
CMP011,Peak Season Holdout Test,C031592,2025-11-09 20:39:00,1,1,0.512700354133837,0.4984501626367728,0.01425019149706419,388,1
CMP011,Peak Season Holdout Test,C012777,2025-11-09 20:16:00,1,0,0.48426734171904945,0.4700234012401007,0.014243940478948725,389,1
CMP011,Peak Season Holdout Test,C031914,2025-11-09 21:32:00,1,1,0.5289501214393764,0.5147244416116646,0.014225679827711724,390,1
CMP011,Peak Season Holdout Test,C009516,2025-11-09 20:09:00,1,0,0.5190449829859908,0.5048302308197655,0.014214752166225253,391,1
CMP011,Peak Season Holdout Test,C042079,2025-11-09 20:23:00,1,0,0.5125922872925902,0.49845159751243556,0.014140689780154647,392,1
CMP011,Peak Season Holdout Test,C039510,2025-11-09 20:44:00,1,0,0.4841234774402167,0.4699915786857812,0.014131898754435546,393,1
CMP011,Peak Season Holdout Test,C015472,2025-11-09 21:04:00,0,0,0.5011962603108981,0.48707565561165683,0.014120604699241313,394,1
CMP011,Peak Season Holdout Test,C019260,2025-11-09 20:03:00,0,1,0.5067578551281863,0.492638047645819,0.014119807482367297,395,1
CMP011,Peak Season Holdout Test,C039159,2025-11-09 21:21:00,1,0,0.5123414165657284,0.49833906862692945,0.014002347938798954,396,1
CMP012,Year End Save,C038463,2025-12-10 21:28:00,1,0,0.5007395786666645,0.48676350341517594,0.013976075251488584,397,1
CMP011,Peak Season Holdout Test,C027266,2025-11-09 21:24:00,1,0,0.5122517262473171,0.49834025946193655,0.013911466785380522,398,1
CMP011,Peak Season Holdout Test,C045108,2025-11-09 20:32:00,0,0,0.5123283339409098,0.498455102132128,0.013873231808781805,399,1
CMP011,Peak Season Holdout Test,C029680,2025-11-09 21:55:00,1,0,0.5187113319341617,0.5048480527921965,0.013863279141965279,400,1
CMP011,Peak Season Holdout Test,C000587,2025-11-09 20:13:00,1,0,0.5123178309418184,0.49845524158296706,0.013862589358851318,401,1
CMP011,Peak Season Holdout Test,C005274,2025-11-09 21:12:00,1,0,0.528451530857195,0.5146135964094403,0.013837934447754718,402,1
CMP011,Peak Season Holdout Test,C004755,2025-11-09 21:27:00,1,1,0.5008292936602046,0.48699432580950824,0.013834967850696323,403,1
CMP011,Peak Season Holdout Test,C028166,2025-11-09 21:39:00,1,1,0.5008166613993236,0.4869915261727897,0.013825135226533891,404,1
CMP011,Peak Season Holdout Test,C015669,2025-11-09 20:07:00,1,1,0.512276509826748,0.49845579021192843,0.013820719614819565,405,1
CMP011,Peak Season Holdout Test,C015060,2025-11-09 20:51:00,1,0,0.5122291078058568,0.49845641957559106,0.013772688230265784,406,1
CMP011,Peak Season Holdout Test,C018696,2025-11-09 21:47:00,0,0,0.512088236322324,0.49834243012117346,0.013745806201150568,407,1
CMP011,Peak Season Holdout Test,C026080,2025-11-09 21:47:00,1,0,0.5061425216803752,0.49241479150247885,0.013727730177896358,408,1
CMP011,Peak Season Holdout Test,C031216,2025-11-09 21:44:00,0,1,0.5061082552977272,0.49241038528632414,0.013697870011403046,409,1
CMP011,Peak Season Holdout Test,C047749,2025-11-09 20:14:00,1,0,0.518601247654751,0.5049437482339656,0.013657499420785424,410,1
CMP011,Peak Season Holdout Test,C029858,2025-11-09 21:06:00,0,0,0.5185463799842547,0.5048902499846637,0.013656129999590982,411,1
CMP011,Peak Season Holdout Test,C045849,2025-11-09 21:15:00,1,0,0.5119398078942898,0.4983444007788949,0.01359540711539492,412,1
CMP011,Peak Season Holdout Test,C044691,2025-11-09 21:21:00,0,0,0.5059855759481068,0.49239461036945675,0.013590965578650027,413,1
CMP011,Peak Season Holdout Test,C008493,2025-11-09 20:40:00,0,0,0.5061426398256553,0.4925589366846605,0.01358370314099483,414,1
CMP011,Peak Season Holdout Test,C020821,2025-11-09 20:01:00,1,0,0.5060722759706233,0.49254988872850647,0.013522387242116851,415,1
CMP011,Peak Season Holdout Test,C009730,2025-11-09 20:35:00,0,0,0.5119488371634398,0.4984601407112819,0.013488696452157833,416,1
CMP012,Year End Save,C019106,2025-12-10 20:49:00,1,0,0.545240719218551,0.5317632638014969,0.01347745541705414,417,1
CMP011,Peak Season Holdout Test,C006504,2025-11-09 21:03:00,0,0,0.5117504687650101,0.49834691456023433,0.013403554204775736,418,1
CMP012,Year End Save,C007718,2025-12-10 20:23:00,1,1,0.5001661694090183,0.4867990613189395,0.013367108090078739,419,1
CMP011,Peak Season Holdout Test,C007279,2025-11-09 20:41:00,1,0,0.5183409602329844,0.5050103318325742,0.013330628400410216,420,1
CMP011,Peak Season Holdout Test,C047997,2025-11-09 20:40:00,1,0,0.5117492710314747,0.49846279027743,0.013286480754044705,421,1
CMP011,Peak Season Holdout Test,C038715,2025-11-09 21:25:00,0,0,0.49997787773060776,0.48680563212969846,0.013172245600909294,422,1
CMP012,Year End Save,C003641,2025-12-10 16:52:00,1,0,0.5485201798936616,0.5353692062683907,0.013150973625270956,423,1
CMP011,Peak Season Holdout Test,C038445,2025-11-09 20:30:00,0,0,0.5056367472362333,0.4924938856886382,0.013142861547595086,424,1
CMP011,Peak Season Holdout Test,C040301,2025-11-09 21:10:00,1,0,0.495785629686983,0.48269015262604104,0.01309547706094194,425,1
CMP011,Peak Season Holdout Test,C004264,2025-11-09 21:54:00,1,1,0.5114414379752992,0.4983510173451399,0.01309042063015925,426,1
CMP011,Peak Season Holdout Test,C028650,2025-11-09 20:50:00,1,0,0.500051241448864,0.4869845303920258,0.01306671105683821,427,1
CMP011,Peak Season Holdout Test,C009959,2025-11-09 21:25:00,1,0,0.5113925118991473,0.49835166689160787,0.013040845007539381,428,1
CMP012,Year End Save,C031603,2025-12-10 10:15:00,1,0,0.5018345882043799,0.4887953947239807,0.01303919348039917,429,1
CMP011,Peak Season Holdout Test,C032300,2025-11-09 20:21:00,0,0,0.5054740429802334,0.4924729644811591,0.013001078499074226,430,1
CMP011,Peak Season Holdout Test,C033794,2025-11-09 20:24:00,1,0,0.5054416066222841,0.4924687936969653,0.012972812925318822,431,1
CMP011,Peak Season Holdout Test,C046095,2025-11-09 21:15:00,1,0,0.4997119679505025,0.4867467011180571,0.012965266832445366,432,1
CMP011,Peak Season Holdout Test,C005130,2025-11-09 20:12:00,1,0,0.5053029668374489,0.49245096696989543,0.012851999867553476,433,1
CMP011,Peak Season Holdout Test,C044862,2025-11-09 21:50:00,1,0,0.5112002607207684,0.4983542192056076,0.012846041515160833,434,1
CMP012,Year End Save,C027804,2025-12-10 21:22:00,1,0,0.49928181284488504,0.48644043869896875,0.012841374145916296,435,1
CMP011,Peak Season Holdout Test,C011665,2025-11-09 21:58:00,1,1,0.5331839564901424,0.5203539926226619,0.012829963867480476,436,1
CMP011,Peak Season Holdout Test,C028044,2025-11-09 21:14:00,1,0,0.5050590499678329,0.4922754749214157,0.012783575046417195,437,1
CMP011,Peak Season Holdout Test,C019972,2025-11-09 20:20:00,1,1,0.5179021522435768,0.5051225762667805,0.012779575976796353,438,1
CMP011,Peak Season Holdout Test,C040686,2025-11-09 21:29:00,1,0,0.49945869061327713,0.48669057002202193,0.012768120591255205,439,1
CMP011,Peak Season Holdout Test,C035180,2025-11-09 20:01:00,1,0,0.5112365183105405,0.4984695976811561,0.012766920629384393,440,1
CMP012,Year End Save,C010374,2025-12-10 18:43:00,1,0,0.4997539178135266,0.4870329756986518,0.012720942114874845,441,1
CMP011,Peak Season Holdout Test,C026604,2025-11-09 20:12:00,1,0,0.5111823392645051,0.498470316954036,0.012712022310469084,442,1
CMP011,Peak Season Holdout Test,C009752,2025-11-09 20:48:00,1,0,0.5111776400491325,0.49847037933994925,0.01270726070918321,443,1
CMP011,Peak Season Holdout Test,C008818,2025-11-09 21:28:00,0,0,0.5049706330933627,0.492264106310523,0.012706526782839678,444,1
CMP011,Peak Season Holdout Test,C022172,2025-11-09 21:48:00,1,0,0.49936205369041553,0.48666915350769835,0.012692900182717182,445,1
CMP011,Peak Season Holdout Test,C000943,2025-11-09 21:34:00,0,0,0.5049536298124587,0.4922619200401142,0.012691709772344517,446,1
CMP011,Peak Season Holdout Test,C044411,2025-11-09 20:26:00,0,0,0.511144745486252,0.4984708160413439,0.012673929444908083,447,1
CMP011,Peak Season Holdout Test,C036670,2025-11-09 20:10:00,0,0,0.5050814030819777,0.4924224778817892,0.012658925200188464,448,1
CMP011,Peak Season Holdout Test,C037820,2025-11-09 20:21:00,1,0,0.4994815251256585,0.48685826771967317,0.012623257405985355,449,1
CMP011,Peak Season Holdout Test,C042998,2025-11-09 21:02:00,1,0,0.5047906593292046,0.492240965494145,0.012549693835059661,450,1
CMP012,Year End Save,C021086,2025-12-10 10:59:00,1,0,0.5011631878541616,0.48864656903726694,0.012516618816894642,451,1
CMP011,Peak Season Holdout Test,C034439,2025-11-09 21:19:00,0,0,0.510822106444528,0.49835923942951194,0.012462867015016033,452,1
CMP011,Peak Season Holdout Test,C000531,2025-11-09 20:16:00,0,0,0.5108974803450185,0.49847409864139797,0.012423381703620506,453,1
CMP011,Peak Season Holdout Test,C031331,2025-11-09 21:03:00,1,0,0.5045863562140888,0.49221469667166506,0.012371659542423696,454,1
CMP012,Year End Save,C028553,2025-12-10 09:17:00,1,1,0.5452758837847937,0.5329109113396974,0.012364972445096378,455,1
CMP011,Peak Season Holdout Test,C019235,2025-11-09 21:51:00,0,0,0.4989262408138063,0.4865725698367153,0.012353670977091002,456,1
CMP011,Peak Season Holdout Test,C035575,2025-11-09 21:43:00,1,0,0.5045369151506537,0.49220833969034944,0.012328575460304247,457,1
CMP011,Peak Season Holdout Test,C002896,2025-11-09 20:36:00,1,0,0.5107812403821351,0.4984756417753984,0.012305598606736745,458,1
CMP012,Year End Save,C008332,2025-12-10 14:12:00,1,1,0.5000549520442996,0.4877502850545391,0.012304666989760515,459,1
CMP011,Peak Season Holdout Test,C013330,2025-11-09 20:56:00,1,0,0.5046440246981833,0.4923662398265255,0.01227778487165776,460,1
CMP011,Peak Season Holdout Test,C012510,2025-11-09 20:29:00,1,0,0.504603477886842,0.49236102638020857,0.012242451506633445,461,1
CMP012,Year End Save,C046841,2025-12-10 21:16:00,1,1,0.49844050655399164,0.4862539957433489,0.012186510810642759,462,1
CMP011,Peak Season Holdout Test,C033667,2025-11-09 20:19:00,1,1,0.49890865208995594,0.48673130683458127,0.012177345255374672,463,1
CMP011,Peak Season Holdout Test,C038098,2025-11-09 20:55:00,1,0,0.5358150928591758,0.5236526948114005,0.012162398047775302,464,1
CMP011,Peak Season Holdout Test,C021534,2025-11-09 20:49:00,1,0,0.49887075539153103,0.48672290815927366,0.01214784723225737,465,1
CMP011,Peak Season Holdout Test,C016569,2025-11-09 20:25:00,1,0,0.5044554161171033,0.49234198890648595,0.012113427210617367,466,1
CMP011,Peak Season Holdout Test,C022365,2025-11-09 21:58:00,1,0,0.5104447691076273,0.49836424864448303,0.012080520463144229,467,1
CMP011,Peak Season Holdout Test,C027478,2025-11-09 20:44:00,0,0,0.5105555297395423,0.49847863813436677,0.012076891605175555,468,1
CMP012,Year End Save,C031241,2025-12-10 16:49:00,0,0,0.4993018748962684,0.4872580766577144,0.012043798238554004,469,1
CMP011,Peak Season Holdout Test,C003162,2025-11-09 20:25:00,1,0,0.50437170593516,0.49233122568028315,0.012040480254876862,470,1
CMP011,Peak Season Holdout Test,C017524,2025-11-09 20:44:00,1,1,0.5104994123986508,0.498479383095646,0.012020029303004831,471,1
CMP011,Peak Season Holdout Test,C035103,2025-11-09 20:33:00,1,0,0.4986452703190159,0.4866729361963769,0.011972334122638983,472,1
CMP011,Peak Season Holdout Test,C010288,2025-11-09 20:48:00,1,0,0.510432513548087,0.49848027117757376,0.011952242370513289,473,1
CMP011,Peak Season Holdout Test,C012722,2025-11-09 21:28:00,0,0,0.510250152350932,0.4983668321518201,0.011883320199111869,474,1
CMP011,Peak Season Holdout Test,C017574,2025-11-09 21:19:00,0,0,0.5102493230114714,0.49836684316108454,0.011882479850386873,475,1
CMP011,Peak Season Holdout Test,C043475,2025-11-09 21:18:00,1,0,0.5354893721203897,0.5236687599000025,0.011820612220387217,476,1
CMP011,Peak Season Holdout Test,C046345,2025-11-09 21:11:00,1,0,0.49823399673512914,0.48641915783812784,0.0118148388970013,477,1
CMP011,Peak Season Holdout Test,C007888,2025-11-09 21:41:00,1,1,0.4982327335213888,0.4864188778915554,0.011813855629833392,478,1
CMP011,Peak Season Holdout Test,C008211,2025-11-09 21:40:00,1,0,0.5258361714999442,0.5140323355956504,0.011803835904293791,479,1
CMP011,Peak Season Holdout Test,C038164,2025-11-09 20:58:00,1,0,0.5040755792313415,0.49229315082471226,0.011782428406629242,480,1
CMP011,Peak Season Holdout Test,C049096,2025-11-09 21:09:00,1,0,0.503907253542681,0.492127380895409,0.011779872647271983,481,1
CMP011,Peak Season Holdout Test,C028132,2025-11-09 21:42:00,0,0,0.5038690601056963,0.4921224702380786,0.01174658986761773,482,1
CMP011,Peak Season Holdout Test,C033866,2025-11-09 21:17:00,1,0,0.5038533641595724,0.49212045216016426,0.011732911999408124,483,1
CMP011,Peak Season Holdout Test,C041425,2025-11-09 21:40:00,0,0,0.4980552522225901,0.4863795454829298,0.011675706739660341,484,1
CMP011,Peak Season Holdout Test,C003566,2025-11-09 20:04:00,0,0,0.5039403331211305,0.4922757615431795,0.011664571577951033,485,1
CMP011,Peak Season Holdout Test,C031793,2025-11-09 20:51:00,1,1,0.4982315667133084,0.4865812516358937,0.011650315077414708,486,1
CMP011,Peak Season Holdout Test,C027298,2025-11-09 20:16:00,1,0,0.5258444567104796,0.5141967977832697,0.01164765892720998,487,1
CMP011,Peak Season Holdout Test,C001229,2025-11-09 21:13:00,1,0,0.5037510787260406,0.4921073010253814,0.011643777700659219,488,1
CMP011,Peak Season Holdout Test,C007695,2025-11-09 20:32:00,0,0,0.5038812118152228,0.4922681600449349,0.01161305177028793,489,1
CMP011,Peak Season Holdout Test,C036781,2025-11-09 21:09:00,1,0,0.49795356386722395,0.48635700990842146,0.011596553958802491,490,1
CMP011,Peak Season Holdout Test,C023681,2025-11-09 20:21:00,1,0,0.503857144703764,0.4922650656307438,0.011592079073020178,491,1
CMP011,Peak Season Holdout Test,C049370,2025-11-09 20:44:00,1,0,0.5038079640292339,0.4922587422644578,0.011549221764776074,492,1
CMP011,Peak Season Holdout Test,C014835,2025-11-09 21:58:00,1,0,0.4937893150859882,0.4822479147545605,0.011541400331427698,493,1
CMP012,Year End Save,C023900,2025-12-10 20:31:00,1,0,0.5325554238668875,0.5210478305814389,0.011507593285448592,494,1
CMP011,Peak Season Holdout Test,C024001,2025-11-09 21:04:00,1,1,0.5035930719691201,0.4920869857389066,0.011506086230213486,495,1
CMP011,Peak Season Holdout Test,C046786,2025-11-09 21:54:00,1,0,0.5035917639631267,0.4920868175661142,0.011504946397012439,496,1
CMP011,Peak Season Holdout Test,C014555,2025-11-09 21:50:00,1,0,0.5254355205391976,0.5139433165828405,0.011492203956357083,497,1
CMP011,Peak Season Holdout Test,C041039,2025-11-09 20:14:00,1,0,0.49796187112728746,0.48652148218689384,0.01144038894039362,498,1
CMP011,Peak Season Holdout Test,C031064,2025-11-09 21:58:00,1,1,0.5097821196164418,0.49837304504695173,0.011409074569490085,499,1
CMP012,Year End Save,C008204,2025-12-10 19:30:00,1,1,0.49781225159085757,0.4864400253926819,0.011372226198175683,500,1
