return_id,customer_id,order_date,category,item_net_price,refund_amount,return_reason,discount_band,return_risk_band,abuse_score,is_abuse
R00149895,C039777,2025-11-01,electronics,353.17,316.58,suspected_abuse,medium_discount,medium,0.9995551819982132,1
R00155368,C041230,2025-10-24,electronics,357.9,298.0,suspected_abuse,medium_discount,medium,0.9994137595923267,1
R00160125,C042533,2025-10-02,sports,111.5,99.07,suspected_abuse,low_discount,high,0.9992446250763347,1
R00032236,C008451,2025-11-25,electronics,249.85,231.48,suspected_abuse,low_discount,high,0.9992109110259085,1
R00072022,C019088,2025-12-03,electronics,419.12,419.12,suspected_abuse,medium_discount,medium,0.9989867447479855,1
R00099766,C026521,2025-12-07,beauty,312.01,274.31,suspected_abuse,medium_discount,medium,0.9987702804186971,1
R00149884,C039776,2025-10-06,electronics,88.17,86.05,suspected_abuse,low_discount,medium,0.998526187484393,1
R00151591,C040209,2025-10-26,electronics,137.17,116.22,suspected_abuse,low_discount,medium,0.9984608041164195,1
R00176845,C046956,2025-10-02,electronics,312.03,275.06,suspected_abuse,medium_discount,medium,0.9973557301457341,1
R00049224,C013018,2025-12-01,electronics,293.64,249.23,suspected_abuse,low_discount,low,0.9971027602906263,0
R00081517,C021612,2025-12-03,electronics,407.04,375.53,suspected_abuse,medium_discount,high,0.9970011570947668,1
R00069792,C018459,2025-10-16,electronics,465.31,417.51,suspected_abuse,low_discount,low,0.9969988845855073,1
R00178521,C047412,2025-11-01,electronics,105.5,86.74,suspected_abuse,medium_discount,high,0.9968651079970321,1
R00084853,C022512,2025-10-15,electronics,92.41,79.78,suspected_abuse,low_discount,high,0.996349507468685,1
R00150655,C039967,2025-10-14,electronics,84.82,74.7,suspected_abuse,low_discount,medium,0.9960105959047207,1
R00063008,C016733,2025-12-03,electronics,293.7,271.6,suspected_abuse,medium_discount,medium,0.9958500013013943,1
R00127183,C033830,2025-10-28,electronics,194.33,181.66,suspected_abuse,low_discount,medium,0.9956280908658521,1
R00101402,C026933,2025-11-27,electronics,222.02,212.18,suspected_abuse,low_discount,medium,0.9956163049448262,1
R00068625,C018175,2025-10-18,fashion,98.58,87.58,suspected_abuse,low_discount,medium,0.9943168912669151,1
R00068626,C018175,2025-10-18,electronics,200.23,172.58,suspected_abuse,low_discount,medium,0.9938636068766011,1
R00084860,C022512,2025-12-17,electronics,145.93,136.24,suspected_abuse,low_discount,high,0.9938517945273951,1
R00185960,C049346,2025-12-25,electronics,129.46,127.13,suspected_abuse,medium_discount,high,0.9937052518287217,1
R00022003,C005792,2025-11-22,electronics,144.41,134.38,suspected_abuse,medium_discount,high,0.9928178118698174,1
R00182427,C048426,2025-10-21,fashion,95.41,79.78,suspected_abuse,medium_discount,medium,0.9921066604911715,1
R00164828,C043811,2025-10-12,electronics,92.92,80.16,suspected_abuse,low_discount,medium,0.9911773894677574,1
R00154865,C041106,2025-11-04,electronics,86.29,83.87,suspected_abuse,medium_discount,medium,0.9873090102110004,1
R00175689,C046626,2025-11-12,electronics,191.28,179.57,suspected_abuse,medium_discount,high,0.9851137361271414,1
R00068938,C018238,2025-10-17,electronics,117.1,113.21,not_as_expected,low_discount,high,0.9806292750520414,1
R00034152,C008966,2025-12-18,sports,268.65,268.65,suspected_abuse,medium_discount,medium,0.9794086576273755,1
R00015090,C003972,2025-10-19,electronics,424.42,390.11,not_as_expected,low_discount,medium,0.9760351416384769,0
R00185952,C049346,2025-11-06,electronics,100.28,84.56,suspected_abuse,medium_discount,high,0.9721637465399418,1
R00127181,C033830,2025-10-08,electronics,170.03,161.8,suspected_abuse,low_discount,medium,0.9707148219103268,1
R00180571,C047929,2025-10-05,electronics,255.93,249.0,damaged,low_discount,medium,0.9691144050193226,0
R00171864,C045659,2025-11-27,fashion,199.21,188.39,suspected_abuse,medium_discount,medium,0.9686866064805083,0
R00036162,C009487,2025-12-02,electronics,128.8,124.81,suspected_abuse,low_discount,medium,0.9682798080257885,1
R00180570,C047929,2025-10-01,electronics,198.42,183.2,size_issue,low_discount,medium,0.96769234579332,0
R00100685,C026755,2025-11-14,electronics,98.84,98.84,suspected_abuse,medium_discount,high,0.9646172775065527,1
R00155365,C041230,2025-10-10,electronics,207.06,200.44,changed_mind,low_discount,medium,0.9601505890792033,1
R00167863,C044595,2025-11-15,fashion,113.57,113.57,suspected_abuse,medium_discount,medium,0.9585559871756082,0
R00036164,C009487,2025-12-02,electronics,149.38,149.38,suspected_abuse,low_discount,medium,0.9555589449576397,1
R00166171,C044146,2025-12-13,beauty,90.73,88.86,suspected_abuse,low_discount,high,0.9438380094186228,1
R00101883,C027055,2025-10-13,electronics,128.54,110.65,suspected_abuse,low_discount,medium,0.9351356041326776,0
R00051474,C013624,2025-10-12,electronics,110.19,98.76,not_as_expected,low_discount,medium,0.9329946603189044,1
R00181813,C048268,2025-10-26,fashion,113.36,113.23,suspected_abuse,medium_discount,high,0.9158818936548099,0
R00098533,C026174,2025-12-06,electronics,95.16,80.06,suspected_abuse,medium_discount,high,0.9154929229361143,1
R00178522,C047412,2025-11-01,sports,86.46,85.98,not_as_expected,medium_discount,high,0.9145154140066678,1
R00014941,C003945,2025-12-13,electronics,200.72,167.16,suspected_abuse,medium_discount,high,0.8974332424539881,1
R00085163,C022592,2025-12-08,electronics,181.14,167.13,suspected_abuse,medium_discount,medium,0.8859897961943565,0
R00032734,C008591,2025-10-24,electronics,248.87,240.41,suspected_abuse,low_discount,low,0.8782981572692378,0
R00062032,C016503,2025-11-08,fashion,92.17,79.63,suspected_abuse,medium_discount,high,0.8760209195542866,1
R00022001,C005792,2025-10-01,home,91.44,87.79,not_as_expected,low_discount,high,0.8620573566190991,1
R00030187,C007930,2025-09-27,home,155.13,129.98,damaged,low_discount,medium,0.8325366351409634,1
R00150073,C039828,2025-10-16,electronics,121.01,121.01,suspected_abuse,low_discount,medium,0.82191642516365,0
R00069377,C018363,2025-11-14,electronics,113.35,112.67,size_issue,low_discount,medium,0.8192818193450956,0
R00118897,C031730,2025-12-08,electronics,144.39,132.11,damaged,low_discount,high,0.8186690010770269,0
R00080806,C021436,2025-11-08,electronics,102.1,85.71,damaged,low_discount,medium,0.801684925260733,1
R00169171,C044957,2025-10-11,beauty,283.39,255.74,suspected_abuse,low_discount,medium,0.7961282950846291,1
R00095220,C025275,2025-10-09,electronics,213.61,213.61,not_as_expected,low_discount,high,0.7858980182790648,0
R00146492,C038933,2025-10-18,electronics,277.87,235.94,suspected_abuse,low_discount,medium,0.7783935866150874,0
R00143342,C038058,2025-12-12,electronics,124.12,116.54,changed_mind,low_discount,high,0.7535595366474581,0
R00090980,C024118,2025-10-23,grocery_light,94.21,92.86,changed_mind,medium_discount,medium,0.7347488975738534,0
R00011211,C002970,2025-11-14,electronics,121.19,121.19,late_delivery,low_discount,medium,0.7229710534276705,1
R00068677,C018187,2025-12-22,electronics,248.72,215.22,suspected_abuse,medium_discount,medium,0.7069034555497611,0
R00182809,C048533,2025-12-04,electronics,248.94,222.94,suspected_abuse,medium_discount,medium,0.6850658098134386,0
R00127582,C033915,2025-12-05,electronics,242.11,206.35,damaged,low_discount,medium,0.6729211340439929,1
R00016328,C004275,2025-11-28,electronics,210.08,174.35,suspected_abuse,medium_discount,high,0.6584567630289692,1
R00082896,C021971,2025-09-28,sports,89.54,89.54,damaged,low_discount,medium,0.6554444270825358,0
R00008174,C002175,2025-10-15,electronics,263.27,249.68,suspected_abuse,low_discount,medium,0.634017954001398,0
R00095219,C025275,2025-10-09,electronics,100.67,83.98,late_delivery,low_discount,medium,0.6339603667869558,0
R00030195,C007930,2025-10-27,fashion,114.34,110.94,not_as_expected,low_discount,high,0.6337936276771436,1
R00092613,C024567,2025-10-11,electronics,252.88,222.25,suspected_abuse,low_discount,low,0.6290009898611992,0
R00113257,C030148,2025-11-02,fashion,107.92,101.75,suspected_abuse,low_discount,medium,0.6281628089638203,1
R00023993,C006309,2025-10-28,electronics,115.2,99.31,suspected_abuse,low_discount,medium,0.6277075623859429,0
R00034030,C008933,2025-10-25,electronics,173.2,173.2,suspected_abuse,low_discount,medium,0.6154719404040537,1
R00086528,C022924,2025-12-15,electronics,112.33,92.34,suspected_abuse,medium_discount,medium,0.6134343038827449,1
R00006027,C001602,2025-10-13,sports,99.68,89.19,late_delivery,low_discount,medium,0.6026593469612676,1
R00012439,C003271,2025-10-24,electronics,113.94,111.92,late_delivery,low_discount,medium,0.5870504469838712,0
R00121126,C032335,2025-10-16,fashion,121.7,121.7,size_issue,low_discount,high,0.5867252314428213,0
R00163982,C043581,2025-11-21,electronics,141.58,141.58,suspected_abuse,medium_discount,medium,0.573737290355548,1
R00116026,C030913,2025-12-25,electronics,97.22,86.5,suspected_abuse,low_discount,medium,0.559512802755325,0
R00034153,C008966,2025-12-18,sports,94.36,83.67,damaged,medium_discount,medium,0.5561509556623027,0
R00108852,C028931,2025-11-03,home,100.13,98.68,damaged,medium_discount,medium,0.5531632375587308,0
R00051477,C013624,2025-12-22,electronics,141.59,129.32,suspected_abuse,medium_discount,medium,0.546473178825903,1
R00166165,C044146,2025-11-12,home,199.52,183.87,changed_mind,medium_discount,high,0.5429143575569658,1
R00175687,C046626,2025-11-12,electronics,99.03,88.27,size_issue,medium_discount,high,0.5374095778960176,1
R00156862,C041616,2025-10-16,electronics,97.53,92.21,suspected_abuse,low_discount,medium,0.5278315044325965,1
R00027098,C007130,2025-10-11,electronics,97.31,80.19,suspected_abuse,medium_discount,medium,0.5268330043379451,0
R00006032,C001602,2025-12-06,beauty,124.81,107.52,suspected_abuse,medium_discount,medium,0.5069172383810728,1
R00014939,C003945,2025-11-12,electronics,123.06,110.02,size_issue,low_discount,medium,0.49476138038889816,1
R00163981,C043581,2025-11-21,electronics,145.37,145.25,damaged,medium_discount,medium,0.49057396436678913,1
R00069215,C018321,2025-10-11,fashion,94.87,88.16,late_delivery,medium_discount,high,0.48047190064163875,0
R00155367,C041230,2025-10-24,electronics,390.29,322.87,damaged,low_discount,medium,0.46035583197353225,1
R00032239,C008451,2025-12-22,electronics,100.29,100.29,suspected_abuse,medium_discount,high,0.45951307568695493,1
R00070029,C018529,2025-11-03,electronics,249.63,237.32,suspected_abuse,low_discount,medium,0.4521185071889722,0
R00011255,C002974,2025-11-12,electronics,231.32,217.07,suspected_abuse,medium_discount,high,0.4508676255145409,1
R00095777,C025439,2025-10-10,electronics,198.9,177.49,not_as_expected,low_discount,high,0.44735027787428955,0
R00158909,C042179,2025-11-27,electronics,85.75,78.5,size_issue,medium_discount,medium,0.44711519553145085,1
R00128659,C034235,2025-12-01,fashion,135.56,128.56,size_issue,low_discount,medium,0.44008757435542917,1
R00017013,C004456,2025-11-08,beauty,251.1,229.84,suspected_abuse,medium_discount,medium,0.4380817602253433,0
R00054024,C014327,2025-10-22,electronics,193.86,193.86,suspected_abuse,low_discount,medium,0.43633409932745976,0
R00160130,C042533,2025-11-09,sports,334.66,331.77,size_issue,medium_discount,high,0.4315003264283284,1
R00162146,C043090,2025-11-13,electronics,103.73,103.38,suspected_abuse,low_discount,medium,0.4127341589115969,0
R00125145,C033312,2025-12-16,electronics,95.2,83.34,changed_mind,medium_discount,medium,0.41253726767511156,0
R00148255,C039383,2025-11-19,electronics,274.65,236.89,not_as_expected,low_discount,medium,0.40021973644169123,1
R00119510,C031898,2025-10-06,sports,154.77,147.1,suspected_abuse,low_discount,medium,0.3897232804972881,0
R00074924,C019919,2025-10-14,electronics,89.89,78.17,suspected_abuse,medium_discount,medium,0.385599970223653,0
R00067756,C017937,2025-09-27,electronics,86.15,74.29,suspected_abuse,low_discount,medium,0.3831692355195807,1
R00098346,C026138,2025-10-14,home,129.38,129.38,size_issue,low_discount,medium,0.38277977618220727,0
R00142748,C037924,2025-10-23,electronics,275.67,254.42,size_issue,low_discount,medium,0.37173719270866207,1
R00115328,C030736,2025-10-13,electronics,87.88,87.75,damaged,low_discount,medium,0.3576903360233308,0
R00171800,C045643,2025-12-17,electronics,148.28,136.44,changed_mind,low_discount,medium,0.3553597780902012,1
R00101355,C026931,2025-12-25,electronics,211.16,204.28,suspected_abuse,medium_discount,medium,0.35357202980584423,0
R00030817,C008095,2025-10-22,sports,163.22,163.22,suspected_abuse,low_discount,medium,0.3415333844603496,0
R00085464,C022669,2025-10-06,electronics,105.71,87.63,not_as_expected,medium_discount,high,0.3408090356651371,0
R00074248,C019716,2025-12-18,electronics,245.69,245.69,late_delivery,medium_discount,high,0.31692373215159647,1
R00108792,C028921,2025-11-23,electronics,293.13,256.23,size_issue,medium_discount,medium,0.30975442298639033,1
R00008451,C002233,2025-12-14,electronics,136.38,135.39,suspected_abuse,medium_discount,medium,0.30726857902625154,1
R00169767,C045099,2025-12-02,electronics,144.76,138.55,suspected_abuse,medium_discount,medium,0.3007598197811945,1
R00042346,C011134,2025-10-08,electronics,158.66,150.19,size_issue,medium_discount,medium,0.2678745974989693,0
R00008623,C002291,2025-10-06,electronics,303.2,259.88,damaged,medium_discount,medium,0.2615497910640559,0
R00064261,C017034,2025-11-23,electronics,144.44,138.75,suspected_abuse,medium_discount,medium,0.25611570997126143,0
R00187965,C049865,2025-10-06,electronics,112.48,102.35,suspected_abuse,low_discount,medium,0.2534876042617368,0
R00160286,C042576,2025-10-02,electronics,94.73,94.73,damaged,low_discount,medium,0.25276283095241064,0
R00128662,C034235,2025-12-07,electronics,125.04,110.65,size_issue,low_discount,medium,0.24864972909660674,1
R00011257,C002974,2025-12-04,electronics,180.4,163.59,suspected_abuse,medium_discount,high,0.21997300997718175,1
R00166173,C044146,2025-12-13,electronics,119.42,107.6,suspected_abuse,medium_discount,high,0.20155814413642167,1
R00149887,C039776,2025-11-11,home,144.26,141.74,suspected_abuse,medium_discount,medium,0.1987793411019722,1
R00128499,C034197,2025-10-16,electronics,99.73,99.39,changed_mind,low_discount,medium,0.18592515094441797,0
R00086529,C022924,2025-12-15,electronics,223.93,185.39,not_as_expected,low_discount,medium,0.18359780340835807,1
R00132665,C035277,2025-10-13,electronics,91.95,91.83,size_issue,low_discount,high,0.1780079787450744,1
R00185958,C049346,2025-12-26,electronics,136.48,113.66,suspected_abuse,medium_discount,high,0.1748994724234974,1
R00081511,C021612,2025-11-28,electronics,162.97,152.09,suspected_abuse,medium_discount,high,0.17166987132266429,1
R00175690,C046626,2025-11-21,electronics,136.12,134.29,not_as_expected,medium_discount,high,0.1713983963454085,1
R00184210,C048866,2025-10-12,fashion,88.36,74.61,not_as_expected,low_discount,high,0.16420469725646392,0
R00076225,C020247,2025-10-23,sports,94.31,83.06,not_as_expected,low_discount,medium,0.1615120562282566,1
R00093443,C024782,2025-12-04,electronics,473.18,424.86,not_as_expected,medium_discount,high,0.15772596564508717,1
R00074245,C019716,2025-11-25,electronics,87.16,72.51,suspected_abuse,low_discount,high,0.1576210987424194,1
R00019727,C005179,2025-10-26,electronics,128.22,127.58,size_issue,low_discount,medium,0.14912864016988103,0
R00157226,C041725,2025-10-27,electronics,119.38,98.1,suspected_abuse,low_discount,medium,0.14150122615925678,0
R00089279,C023665,2025-11-17,electronics,327.94,282.52,size_issue,low_discount,medium,0.14080834926467092,1
R00068904,C018236,2025-10-23,electronics,128.6,106.18,changed_mind,medium_discount,medium,0.13656320649381995,0
R00108796,C028921,2025-12-20,electronics,264.21,226.8,changed_mind,low_discount,medium,0.13180932085387223,1
R00172083,C045704,2025-11-19,electronics,150.75,144.93,not_as_expected,medium_discount,medium,0.1253530397046685,1
R00045604,C012037,2025-12-15,sports,118.68,97.45,suspected_abuse,medium_discount,high,0.11658791475719098,1
R00011120,C002952,2025-10-01,electronics,89.03,86.97,damaged,low_discount,high,0.11374066541779768,0
R00178525,C047412,2025-12-02,electronics,159.32,136.73,size_issue,medium_discount,medium,0.11372221284423853,1
R00154459,C040991,2025-10-02,electronics,89.63,78.33,late_delivery,low_discount,medium,0.10751496119454866,0
R00138229,C036774,2025-10-28,electronics,155.74,129.96,changed_mind,medium_discount,high,0.10469834099059232,0
R00049634,C013122,2025-12-21,electronics,159.51,132.48,suspected_abuse,low_discount,medium,0.10202352685641343,0
R00164067,C043605,2025-10-14,electronics,236.74,207.42,not_as_expected,medium_discount,medium,0.09930045714887019,0
R00034449,C009042,2025-09-28,electronics,123.91,105.23,not_as_expected,medium_discount,high,0.09738334186225442,1
R00100688,C026755,2025-12-15,electronics,134.43,123.05,damaged,medium_discount,high,0.09729746621770584,1
R00178526,C047412,2025-12-27,electronics,123.17,121.75,suspected_abuse,medium_discount,medium,0.09487995546572923,1
R00172090,C045704,2025-12-13,fashion,95.32,88.74,damaged,medium_discount,medium,0.09373787195622843,1
R00020672,C005426,2025-11-27,electronics,144.89,123.26,suspected_abuse,medium_discount,medium,0.09029843626309123,0
R00028874,C007573,2025-10-27,electronics,87.88,77.29,damaged,low_discount,medium,0.08889397375711228,1
R00150565,C039951,2025-10-13,electronics,263.28,232.88,not_as_expected,low_discount,medium,0.08201819452215339,0
R00095136,C025259,2025-12-05,home,138.23,120.22,suspected_abuse,medium_discount,medium,0.08124974340519672,1
R00051475,C013624,2025-12-22,electronics,282.06,271.99,changed_mind,low_discount,medium,0.0798374671867987,1
R00179114,C047561,2025-11-26,electronics,200.33,175.19,suspected_abuse,medium_discount,medium,0.07938416475538505,0
R00070049,C018537,2025-11-02,electronics,120.29,120.29,not_as_expected,medium_discount,high,0.07870542469628002,0
R00081516,C021612,2025-12-03,electronics,151.4,131.63,suspected_abuse,medium_discount,high,0.07352893059116204,1
R00077779,C020691,2025-12-24,electronics,122.9,108.13,suspected_abuse,medium_discount,medium,0.07107166071342551,0
R00126422,C033646,2025-10-19,electronics,160.6,154.29,changed_mind,low_discount,medium,0.06930751398723174,0
R00143260,C038034,2025-10-11,electronics,144.58,125.52,suspected_abuse,medium_discount,medium,0.06863691293061494,0
R00099967,C026563,2025-11-03,electronics,129.72,126.57,not_as_expected,medium_discount,medium,0.06834535198364058,0
R00165909,C044089,2025-12-23,electronics,108.55,105.35,size_issue,medium_discount,medium,0.06745292826729714,0
R00182433,C048426,2025-12-14,sports,190.15,181.46,suspected_abuse,medium_discount,medium,0.06728017647087597,1
R00133838,C035613,2025-11-21,electronics,102.47,92.3,suspected_abuse,medium_discount,medium,0.06565226497208229,0
R00045828,C012106,2025-10-23,electronics,132.89,125.65,not_as_expected,low_discount,medium,0.06553874375421084,0
R00187594,C049772,2025-10-02,electronics,243.61,234.75,suspected_abuse,medium_discount,medium,0.06497723333800157,0
R00006571,C001744,2025-11-09,home,85.98,85.48,size_issue,low_discount,high,0.06339370129326607,0
R00093444,C024782,2025-12-04,electronics,186.38,180.67,not_as_expected,medium_discount,high,0.06320358168229924,1
R00160129,C042533,2025-11-09,electronics,146.16,124.56,suspected_abuse,medium_discount,high,0.061692076160439334,1
R00038396,C010093,2025-10-06,electronics,121.57,120.81,changed_mind,low_discount,medium,0.05534842644804362,0
R00080805,C021436,2025-11-26,fashion,107.75,88.77,suspected_abuse,medium_discount,medium,0.05377515015892294,1
R00032753,C008592,2025-12-03,electronics,126.54,107.36,not_as_expected,medium_discount,medium,0.05323375578435593,0
R00143645,C038123,2025-10-16,electronics,128.02,109.7,late_delivery,low_discount,medium,0.052957645518540375,0
R00144220,C038268,2025-10-20,electronics,92.21,84.63,size_issue,medium_discount,medium,0.05194049432340115,0
R00018202,C004766,2025-10-13,sports,98.07,86.78,not_as_expected,low_discount,medium,0.046608864479230676,0
R00175688,C046626,2025-11-12,electronics,118.44,111.03,late_delivery,medium_discount,high,0.045569800785363754,1
R00116632,C031088,2025-10-03,electronics,204.23,197.11,suspected_abuse,low_discount,low,0.044789711177918044,0
R00074523,C019794,2025-11-05,electronics,228.91,210.08,suspected_abuse,deep_discount,high,0.04478527198887072,0
R00048534,C012820,2025-10-17,fashion,95.2,84.01,suspected_abuse,medium_discount,medium,0.044588445641546924,0
R00172087,C045704,2025-12-17,electronics,154.99,140.04,not_as_expected,medium_discount,medium,0.04381658711122169,1
R00122868,C032754,2025-11-16,electronics,159.37,132.62,size_issue,medium_discount,medium,0.04341441268814844,0
R00184435,C048924,2025-12-08,electronics,128.79,125.41,not_as_expected,medium_discount,medium,0.043083525057364035,0
R00030198,C007930,2025-12-06,electronics,138.49,138.49,size_issue,medium_discount,medium,0.04280675310508168,1
R00062025,C016503,2025-11-19,home,97.73,85.88,suspected_abuse,deep_discount,high,0.04280185281739003,1
R00031814,C008349,2025-10-01,electronics,84.05,81.76,suspected_abuse,medium_discount,medium,0.04129674660475677,0
R00110902,C029497,2025-10-21,electronics,113.68,102.99,suspected_abuse,medium_discount,high,0.04011381104797338,0
R00056064,C014888,2025-12-21,electronics,302.12,302.12,late_delivery,medium_discount,medium,0.03976332611755631,0
R00011522,C003050,2025-11-10,electronics,95.61,89.0,not_as_expected,low_discount,medium,0.03959090488713569,0
R00082067,C021747,2025-10-01,electronics,86.04,84.12,suspected_abuse,low_discount,medium,0.039224204901829075,0
R00167889,C044602,2025-11-22,fashion,114.89,105.14,suspected_abuse,medium_discount,medium,0.03750730632710129,0
R00110194,C029296,2025-11-19,electronics,141.03,129.3,suspected_abuse,low_discount,medium,0.03702899790982999,0
R00081937,C021716,2025-10-20,fashion,87.79,87.42,late_delivery,medium_discount,medium,0.03458964301852185,0
R00075613,C020078,2025-12-12,electronics,224.32,214.52,not_as_expected,medium_discount,medium,0.03295502523634112,0
R00089387,C023691,2025-12-13,electronics,113.71,95.9,suspected_abuse,medium_discount,medium,0.03282359913401113,1
R00111565,C029679,2025-11-11,electronics,130.8,124.95,suspected_abuse,medium_discount,medium,0.032785290142339295,0
R00021847,C005748,2025-10-07,electronics,245.5,205.73,size_issue,medium_discount,medium,0.032351152882233246,0
R00100683,C026755,2025-11-07,electronics,107.74,105.88,suspected_abuse,medium_discount,high,0.03187358825387767,1
R00159472,C042355,2025-10-25,beauty,120.74,110.79,not_as_expected,low_discount,medium,0.03130037659145277,0
R00165907,C044089,2025-11-22,electronics,111.14,104.88,suspected_abuse,medium_discount,medium,0.029496101912322197,0
R00177580,C047170,2025-11-07,electronics,161.71,139.46,changed_mind,low_discount,medium,0.029061694856304023,0
R00090618,C024008,2025-12-27,electronics,159.35,150.55,damaged,medium_discount,medium,0.02696579010467444,0
R00185957,C049346,2025-12-26,electronics,96.67,82.98,damaged,medium_discount,high,0.02657050141445724,1
R00054152,C014353,2025-10-23,electronics,99.63,91.24,not_as_expected,medium_discount,medium,0.025067474659311185,0
R00089345,C023680,2025-11-01,electronics,89.67,89.67,changed_mind,medium_discount,high,0.023306049026911878,0
R00042288,C011120,2025-10-27,fashion,86.78,85.49,damaged,medium_discount,medium,0.02245439216600163,0
R00166159,C044146,2025-11-27,fashion,86.01,83.91,suspected_abuse,medium_discount,high,0.022246801400138825,1
R00166848,C044337,2025-10-10,electronics,170.28,153.22,suspected_abuse,low_discount,medium,0.02173122832488711,0
R00060145,C016010,2025-10-03,electronics,133.62,125.51,changed_mind,low_discount,medium,0.021422049067149385,0
R00077144,C020518,2025-12-20,sports,110.97,92.7,suspected_abuse,medium_discount,medium,0.020488191248051926,0
R00064802,C017159,2025-11-11,fashion,130.71,127.25,not_as_expected,medium_discount,high,0.01996848331675862,0
R00154861,C041106,2025-11-01,fashion,195.56,192.84,suspected_abuse,medium_discount,medium,0.019057596596311666,1
R00177581,C047170,2025-12-24,electronics,146.51,131.64,damaged,low_discount,high,0.018934848778239914,0
R00188291,C049959,2025-12-20,electronics,179.42,165.23,not_as_expected,medium_discount,medium,0.01843988063847139,0
R00024786,C006509,2025-12-27,electronics,116.06,97.22,suspected_abuse,medium_discount,medium,0.018422068747521794,0
R00026769,C007052,2025-10-18,beauty,130.83,118.86,size_issue,low_discount,high,0.0183145920728522,0
R00022909,C006028,2025-11-15,electronics,128.9,128.9,not_as_expected,low_discount,high,0.01804879346478412,0
R00177300,C047089,2025-11-03,electronics,263.96,261.64,not_as_expected,low_discount,medium,0.017490618265603348,0
R00150563,C039951,2025-10-08,electronics,88.57,88.57,late_delivery,medium_discount,high,0.01737383596700598,0
R00188036,C049885,2025-12-14,electronics,222.79,216.81,not_as_expected,medium_discount,high,0.0172460395156803,0
R00121174,C032348,2025-12-06,electronics,112.07,109.71,suspected_abuse,medium_discount,medium,0.017090662003001644,0
R00069418,C018369,2025-12-09,electronics,164.41,136.54,suspected_abuse,medium_discount,medium,0.016874219812951924,0
R00166721,C044301,2025-10-13,beauty,130.89,126.77,size_issue,medium_discount,medium,0.016862546025684384,0
R00039639,C010414,2025-12-02,fashion,105.8,105.54,suspected_abuse,medium_discount,medium,0.016643282330029537,0
R00068685,C018188,2025-12-15,electronics,257.35,236.91,not_as_expected,low_discount,medium,0.014988839373267818,0
R00090044,C023856,2025-12-19,electronics,103.18,99.9,suspected_abuse,medium_discount,medium,0.014916006977655875,0
R00056571,C015030,2025-12-26,electronics,128.89,127.67,size_issue,medium_discount,medium,0.014829662683029621,0
R00008266,C002192,2025-11-04,electronics,117.1,99.7,damaged,medium_discount,medium,0.0148007042105321,0
R00142749,C037924,2025-12-24,electronics,96.33,86.31,size_issue,low_discount,medium,0.014448949227134194,1
R00169492,C045035,2025-10-20,electronics,226.77,191.1,suspected_abuse,medium_discount,medium,0.014341222457058433,0
R00188333,C049979,2025-11-22,electronics,127.19,108.59,changed_mind,medium_discount,medium,0.014215542772739316,0
R00081467,C021607,2025-12-20,electronics,108.39,102.19,not_as_expected,low_discount,medium,0.0139833635769965,0
R00006994,C001857,2025-12-07,electronics,87.46,85.37,damaged,medium_discount,medium,0.013666863022350201,0
R00068985,C018249,2025-10-11,electronics,132.41,111.69,suspected_abuse,medium_discount,medium,0.013389374223851119,0
R00012444,C003271,2025-11-21,electronics,123.28,121.37,size_issue,medium_discount,high,0.013249531805952614,0
R00112785,C030019,2025-10-15,beauty,132.17,118.03,late_delivery,low_discount,medium,0.012903137128778051,0
R00098053,C026057,2025-10-10,electronics,102.08,102.08,size_issue,low_discount,medium,0.01243558494181257,0
R00035787,C009391,2025-11-23,electronics,124.64,117.49,suspected_abuse,medium_discount,medium,0.012095788159361421,0
R00041981,C011052,2025-10-07,electronics,86.3,81.99,damaged,medium_discount,medium,0.011929522607038997,0
R00129433,C034421,2025-12-14,electronics,195.2,177.86,suspected_abuse,medium_discount,medium,0.0118200788241657,0
R00032241,C008451,2025-12-01,sports,104.15,86.05,not_as_expected,medium_discount,high,0.011414891743147977,1
R00034044,C008934,2025-10-27,electronics,109.36,102.93,suspected_abuse,medium_discount,medium,0.01140919040690187,0
R00156985,C041653,2025-11-03,electronics,145.99,143.68,changed_mind,low_discount,medium,0.011397830267076216,0
R00166315,C044194,2025-10-15,home,120.32,104.86,not_as_expected,low_discount,medium,0.011315319417478967,0
R00113261,C030148,2025-11-10,electronics,120.47,118.48,not_as_expected,medium_discount,medium,0.010730954595681682,1
R00026768,C007052,2025-10-18,electronics,283.43,249.81,damaged,medium_discount,high,0.010556976354064171,0
R00063163,C016767,2025-10-01,electronics,208.87,196.59,suspected_abuse,medium_discount,medium,0.010513945298063468,0
R00053618,C014228,2025-10-06,electronics,125.78,123.55,size_issue,low_discount,medium,0.010350926926195056,0
R00068471,C018139,2025-12-16,electronics,220.29,198.25,late_delivery,medium_discount,medium,0.010332998387764641,0
R00086024,C022810,2025-12-15,electronics,120.52,108.23,not_as_expected,medium_discount,medium,0.010283142185397253,0
R00001155,C000303,2025-11-13,electronics,207.52,194.05,damaged,medium_discount,medium,0.01026526855790625,0
R00035159,C009219,2025-11-28,home,158.83,151.53,size_issue,medium_discount,medium,0.010234830224136066,0
R00086532,C022924,2025-12-09,electronics,86.97,76.72,size_issue,medium_discount,medium,0.010229723634808998,1
R00051600,C013649,2025-11-19,electronics,85.69,72.59,suspected_abuse,low_discount,medium,0.00988331621313214,0
R00079537,C021133,2025-11-02,grocery_light,160.43,151.55,size_issue,low_discount,medium,0.00938713615706001,0
R00091495,C024271,2025-10-01,fashion,111.21,97.61,damaged,low_discount,medium,0.008826209237074969,0
R00155537,C041286,2025-11-27,electronics,93.16,86.91,suspected_abuse,medium_discount,high,0.008815297863736204,0
R00127041,C033803,2025-09-28,electronics,113.29,102.56,size_issue,medium_discount,medium,0.00866980333433146,0
R00102765,C027298,2025-12-13,electronics,85.02,83.48,damaged,medium_discount,medium,0.008589423990729067,0
R00014943,C003945,2025-12-04,electronics,217.15,188.85,size_issue,medium_discount,medium,0.008436370963330955,1
R00107655,C028629,2025-12-03,electronics,120.59,108.99,not_as_expected,low_discount,medium,0.008320087643346966,0
R00184006,C048823,2025-12-28,beauty,161.04,145.57,changed_mind,medium_discount,medium,0.008258644447436203,0
R00041584,C010936,2025-11-02,home,222.32,196.03,suspected_abuse,low_discount,medium,0.008137435859158127,0
R00105723,C028104,2025-12-04,electronics,155.72,132.32,size_issue,medium_discount,high,0.008032630827351853,0
R00078578,C020895,2025-12-01,electronics,159.56,150.93,suspected_abuse,deep_discount,high,0.007762788061235859,0
R00148534,C039449,2025-12-19,electronics,261.82,232.39,not_as_expected,medium_discount,medium,0.0077135288099333035,0
R00154860,C041106,2025-11-01,electronics,182.86,171.41,suspected_abuse,medium_discount,medium,0.007566266224675143,1
R00095552,C025383,2025-12-21,electronics,104.36,100.47,size_issue,low_discount,medium,0.007340683458235106,0
R00166534,C044249,2025-10-14,electronics,118.77,101.07,changed_mind,medium_discount,medium,0.007333307439869748,0
R00101816,C027039,2025-11-20,electronics,114.17,95.64,damaged,low_discount,medium,0.007331114389341044,0
R00067585,C017900,2025-11-07,home,91.12,91.12,suspected_abuse,medium_discount,medium,0.0073147354539546275,0
R00025603,C006728,2025-11-25,fashion,92.83,84.89,suspected_abuse,low_discount,medium,0.007123807763437975,0
R00154862,C041106,2025-11-01,electronics,162.9,156.13,suspected_abuse,medium_discount,medium,0.007101931838551431,1
R00047733,C012596,2025-11-19,electronics,133.25,113.11,damaged,low_discount,high,0.007049817248897166,1
R00000070,C000012,2025-12-18,electronics,144.41,132.55,changed_mind,low_discount,medium,0.0069692499056196126,0
R00007270,C001946,2025-11-07,electronics,96.96,84.33,suspected_abuse,medium_discount,medium,0.006664762356803169,0
R00048357,C012769,2025-11-20,home,129.44,123.49,size_issue,medium_discount,medium,0.006558755358867427,0
R00066533,C017657,2025-10-27,electronics,123.98,103.08,suspected_abuse,medium_discount,medium,0.0064914368662561004,0
R00057901,C015388,2025-12-26,electronics,126.1,121.0,not_as_expected,low_discount,medium,0.006422640958627013,0
R00062957,C016716,2025-12-06,electronics,134.19,116.1,suspected_abuse,medium_discount,high,0.0060219277279650605,0
R00049320,C013045,2025-12-24,electronics,116.14,107.7,damaged,medium_discount,medium,0.005919225749081216,0
R00006034,C001602,2025-12-06,home,136.49,132.21,size_issue,medium_discount,medium,0.005886613520873623,1
R00125147,C033312,2025-12-16,electronics,116.91,99.69,size_issue,medium_discount,medium,0.005799207367970992,0
R00119566,C031914,2025-10-01,electronics,114.1,113.24,not_as_expected,low_discount,medium,0.005779319402952888,0
R00089315,C023673,2025-11-23,electronics,149.64,127.86,suspected_abuse,medium_discount,medium,0.005696975293546211,0
R00077752,C020684,2025-12-23,electronics,109.11,90.02,not_as_expected,low_discount,medium,0.005670617075508304,0
R00104567,C027787,2025-12-26,electronics,298.43,263.68,changed_mind,medium_discount,medium,0.005586268514954949,0
R00156518,C041537,2025-10-22,electronics,89.28,74.36,changed_mind,low_discount,medium,0.005491825343064831,0
R00025756,C006764,2025-10-14,electronics,98.14,98.01,changed_mind,medium_discount,high,0.005263803114450084,0
R00095289,C025302,2025-10-22,electronics,178.43,177.66,suspected_abuse,low_discount,low,0.00516957239968347,0
R00052365,C013881,2025-10-06,electronics,153.47,126.96,suspected_abuse,low_discount,medium,0.0051568763311085385,0
R00083049,C022015,2025-10-19,electronics,86.25,75.72,not_as_expected,medium_discount,medium,0.004832430255731288,0
R00072086,C019104,2025-12-22,sports,131.77,129.96,size_issue,medium_discount,medium,0.0047745090909835,0
R00078731,C020942,2025-11-02,fashion,191.96,163.18,damaged,medium_discount,medium,0.004741569464476528,0
R00159131,C042243,2025-12-28,electronics,113.05,100.95,changed_mind,low_discount,medium,0.0046440104933717224,0
R00006499,C001715,2025-10-06,electronics,108.79,97.06,size_issue,low_discount,medium,0.004621510817872206,0
R00102240,C027158,2025-11-12,electronics,219.23,211.13,damaged,low_discount,medium,0.004480037992507806,0
R00005444,C001475,2025-11-20,electronics,109.15,102.61,late_delivery,medium_discount,medium,0.004468516960446166,0
R00063699,C016898,2025-11-26,electronics,137.29,125.53,size_issue,medium_discount,high,0.004390119525301753,0
R00109218,C029025,2025-11-13,electronics,367.9,321.13,size_issue,medium_discount,medium,0.004373466600458632,0
R00023382,C006143,2025-10-20,electronics,237.81,237.81,not_as_expected,low_discount,medium,0.004343877372390543,0
R00068463,C018139,2025-10-12,electronics,332.08,296.03,not_as_expected,low_discount,medium,0.0043008513365777375,0
R00051587,C013647,2025-11-02,electronics,124.35,110.63,late_delivery,medium_discount,medium,0.004165367818898389,0
R00073223,C019422,2025-12-25,electronics,115.06,101.43,suspected_abuse,medium_discount,medium,0.004131955541394205,0
R00144495,C038319,2025-11-03,beauty,115.55,96.73,changed_mind,medium_discount,medium,0.004107640646660119,0
R00014050,C003705,2025-11-22,electronics,210.23,210.23,changed_mind,low_discount,high,0.004105874463332965,0
R00143727,C038144,2025-12-12,beauty,139.08,135.13,size_issue,medium_discount,high,0.003984137682381254,0
R00081512,C021612,2025-11-28,electronics,108.64,93.41,damaged,low_discount,high,0.003963370513571965,1
R00009499,C002517,2025-11-07,electronics,199.69,181.37,suspected_abuse,medium_discount,medium,0.003897114714422952,0
R00086628,C022968,2025-12-20,electronics,214.32,204.82,late_delivery,low_discount,medium,0.0038497287191543643,0
R00150076,C039828,2025-12-20,electronics,151.79,149.31,not_as_expected,low_discount,medium,0.0037685987876176783,0
R00166272,C044181,2025-11-23,fashion,103.32,94.69,damaged,medium_discount,high,0.0037412151241157697,0
R00022000,C005792,2025-10-01,fashion,83.95,75.39,changed_mind,low_discount,high,0.003623013190975569,0
R00137255,C036504,2025-11-27,electronics,103.56,92.23,damaged,medium_discount,medium,0.003604372032314167,1
R00164594,C043754,2025-12-19,sports,128.99,124.02,changed_mind,medium_discount,medium,0.0035760995220554584,0
R00171208,C045495,2025-10-24,sports,128.51,106.25,suspected_abuse,low_discount,low,0.003532209393288015,0
R00136014,C036190,2025-12-05,electronics,125.03,120.32,not_as_expected,medium_discount,medium,0.0035273469425590124,0
R00127149,C033829,2025-10-15,electronics,223.66,212.87,late_delivery,medium_discount,medium,0.0035197616307676358,0
R00155916,C041385,2025-11-28,electronics,124.9,111.26,late_delivery,medium_discount,medium,0.0034555120689145845,0
R00141974,C037710,2025-10-15,electronics,273.47,256.42,size_issue,medium_discount,medium,0.003298545612137129,0
R00137590,C036591,2025-12-11,electronics,123.9,120.29,suspected_abuse,medium_discount,medium,0.003204418546784323,0
R00041258,C010848,2025-10-10,electronics,133.72,129.3,suspected_abuse,low_discount,low,0.0031029147171013124,0
R00122480,C032669,2025-10-12,electronics,89.84,75.17,suspected_abuse,medium_discount,medium,0.0030590211388767294,0
R00076791,C020418,2025-10-06,beauty,112.72,112.72,suspected_abuse,low_discount,low,0.003020014509778292,0
R00110007,C029247,2025-12-14,electronics,177.96,170.51,not_as_expected,low_discount,medium,0.0030163200556251983,0
R00105179,C027961,2025-10-05,electronics,126.85,106.52,changed_mind,low_discount,medium,0.0029733910205296957,0
R00045998,C012150,2025-12-08,electronics,250.99,233.52,not_as_expected,medium_discount,medium,0.0029463888732071813,0
R00084899,C022524,2025-11-19,electronics,230.64,228.3,suspected_abuse,medium_discount,medium,0.0029444727679042164,0
R00001154,C000303,2025-11-13,electronics,88.46,81.22,not_as_expected,low_discount,medium,0.0029345363090091435,0
R00132752,C035302,2025-12-16,electronics,151.93,139.91,size_issue,low_discount,medium,0.002921531543784512,0
R00050605,C013390,2025-09-27,electronics,171.77,145.65,damaged,low_discount,medium,0.0029182887012718355,0
R00143811,C038163,2025-11-01,electronics,99.76,92.18,size_issue,low_discount,medium,0.002903729829920514,0
R00037669,C009890,2025-12-26,electronics,126.86,115.32,changed_mind,medium_discount,high,0.002826854115159689,0
R00021033,C005515,2025-10-08,electronics,123.63,102.41,changed_mind,medium_discount,medium,0.002821643670147794,0
R00119824,C031984,2025-10-26,electronics,152.13,140.18,size_issue,low_discount,medium,0.0027536934292111456,0
R00097626,C025945,2025-09-27,electronics,158.73,155.13,not_as_expected,medium_discount,high,0.0027501447687530442,1
R00154721,C041077,2025-10-11,home,95.01,92.61,not_as_expected,medium_discount,medium,0.002746847677664721,0
R00111577,C029683,2025-10-12,electronics,159.59,148.94,suspected_abuse,low_discount,low,0.0026356929805548867,0
R00098545,C026176,2025-10-25,electronics,426.5,413.35,size_issue,medium_discount,medium,0.0026136536600381765,0
R00084854,C022512,2025-10-15,electronics,80.9,71.79,suspected_abuse,low_discount,high,0.0026081052308390036,0
R00085312,C022632,2025-12-22,electronics,162.08,148.99,not_as_expected,low_discount,medium,0.0025798704475220764,0
R00154179,C040911,2025-10-17,fashion,92.14,89.23,suspected_abuse,low_discount,high,0.002507977363621511,0
R00052897,C014035,2025-12-28,electronics,98.55,89.69,size_issue,low_discount,medium,0.0024945496001115178,0
R00095382,C025332,2025-10-19,electronics,147.82,131.77,not_as_expected,medium_discount,medium,0.002437107650441952,0
R00088377,C023405,2025-12-18,electronics,97.27,87.56,suspected_abuse,medium_discount,medium,0.0024114886352570686,0
R00026364,C006951,2025-10-16,home,100.76,88.27,suspected_abuse,low_discount,medium,0.0023865362378401975,0
R00174970,C046454,2025-12-10,electronics,140.37,135.72,changed_mind,medium_discount,medium,0.0023728525497806047,0
R00019728,C005179,2025-10-26,sports,103.42,94.31,not_as_expected,medium_discount,medium,0.0022843536652725678,0
R00072834,C019306,2025-11-11,beauty,87.94,87.15,not_as_expected,low_discount,medium,0.0022597549529949127,0
R00163430,C043432,2025-10-26,electronics,109.53,101.99,damaged,medium_discount,medium,0.0022199982039026803,0
R00115612,C030809,2025-10-15,electronics,103.24,92.53,changed_mind,low_discount,medium,0.002171008213923892,0
R00081366,C021567,2025-12-22,sports,130.42,125.5,size_issue,medium_discount,medium,0.002168261320780221,0
R00051627,C013654,2025-11-22,electronics,116.67,112.12,suspected_abuse,medium_discount,medium,0.0021625356402197515,0
R00101531,C026968,2025-10-20,electronics,150.11,132.13,damaged,low_discount,medium,0.0021494345741268333,0
R00030427,C007995,2025-10-20,electronics,265.91,236.66,damaged,medium_discount,high,0.002114764972921587,0
R00136959,C036427,2025-10-27,sports,124.98,112.59,damaged,low_discount,medium,0.002099871996582271,0
R00161037,C042779,2025-12-02,electronics,108.87,108.15,not_as_expected,medium_discount,medium,0.0020764470088086087,0
R00036330,C009533,2025-10-16,beauty,112.98,101.33,changed_mind,medium_discount,high,0.0020516338823286834,0
R00014754,C003902,2025-11-10,electronics,148.96,147.17,suspected_abuse,medium_discount,medium,0.0020503970427024044,0
R00184668,C048995,2025-11-03,electronics,131.3,111.17,damaged,low_discount,medium,0.0020069974199709703,0
R00069822,C018467,2025-10-16,electronics,154.16,147.24,suspected_abuse,low_discount,low,0.0019868910158930566,0
R00153130,C040639,2025-11-19,electronics,436.41,422.15,size_issue,medium_discount,medium,0.0019081368676162791,0
R00065912,C017465,2025-11-15,electronics,245.0,207.75,suspected_abuse,medium_discount,medium,0.00190150266300355,0
R00054689,C014478,2025-12-18,electronics,92.71,87.51,changed_mind,medium_discount,medium,0.0018907068876838455,0
R00154858,C041106,2025-11-25,sports,87.2,74.81,suspected_abuse,medium_discount,medium,0.00185820768444551,1
R00021540,C005644,2025-10-08,electronics,143.73,131.76,suspected_abuse,medium_discount,medium,0.0018579988326099686,0
R00041453,C010904,2025-10-12,electronics,176.65,147.89,size_issue,low_discount,medium,0.001849905234616669,0
R00113301,C030167,2025-10-01,electronics,218.96,210.62,not_as_expected,low_discount,medium,0.0018460237651391994,0
R00168993,C044903,2025-10-17,electronics,145.51,124.19,not_as_expected,low_discount,medium,0.0018376162739386316,0
R00126883,C033763,2025-10-20,electronics,194.28,164.46,size_issue,medium_discount,medium,0.0018006039668840247,0
R00159977,C042505,2025-11-15,sports,134.97,134.58,suspected_abuse,medium_discount,high,0.001788687371604167,0
R00068701,C018189,2025-11-18,electronics,116.4,106.64,size_issue,medium_discount,medium,0.0017632979961672618,0
R00001152,C000303,2025-10-13,electronics,112.25,99.84,not_as_expected,low_discount,medium,0.0017063409784465488,0
