product_id,pop_score
P02564,4616.5
P01779,3970.5
P04109,3856.5
P03986,3842.0
P04887,3267.0
P01800,3175.5
P03758,2934.0
P02382,2900.5
P03360,2880.0
P04392,2840.0
P03437,2798.0
P00200,2749.5
P03423,2721.0
P04012,2719.0
P01095,2718.0
P04010,2711.0
P00366,2700.5
P01869,2675.0
P01115,2660.5
P04026,2657.5
P02956,2652.5
P02007,2637.0
P04998,2615.0
P03179,2593.0
P00287,2589.0
P00392,2585.0
P00215,2578.0
P03070,2566.0
P03034,2563.0
P03039,2560.0
P04666,2556.5
P03597,2552.5
P03486,2546.0
P01113,2544.5
P01963,2537.0
P01665,2536.5
P02174,2534.5
P01504,2531.0
P00685,2521.0
P03379,2518.5
P01166,2505.5
P03002,2504.5
P04098,2499.5
P03838,2489.0
P02755,2481.5
P02121,2477.0
P03672,2459.0
P04368,2457.5
P03277,2457.0
P02055,2456.0
P02146,2455.5
P02065,2454.0
P04619,2452.5
P00501,2452.5
P02537,2441.5
P02863,2438.5
P03560,2427.0
P02772,2422.5
P04930,2422.0
P03452,2420.5
P03234,2418.5
P03915,2415.0
P03811,2409.5
P00210,2409.0
P02487,2405.5
P04407,2403.0
P03816,2400.0
P02672,2394.0
P03942,2393.5
P04036,2389.5
P02640,2384.0
P01173,2383.0
P03255,2375.0
P04143,2371.0
P00115,2353.5
P02645,2352.0
P02457,2351.0
P02895,2349.0
P01319,2347.5
P03067,2345.0
P00453,2339.0
P04668,2333.0
P02293,2332.5
P00341,2329.5
P03022,2327.5
P01439,2325.0
P01145,2322.5
P01376,2322.0
P00932,2321.0
P04237,2320.0
P02595,2318.0
P04104,2315.5
P03103,2314.0
P00330,2310.5
P03533,2304.5
P00518,2300.0
P01793,2294.5
P02669,2294.5
P02650,2294.0
P02542,2293.0
P03263,2285.0
P03414,2282.0
P01429,2279.0
P02735,2278.0
P02741,2277.5
P04515,2275.0
P04204,2269.5
P02545,2267.5
P03733,2264.0
P02674,2262.0
P02395,2257.5
P03663,2254.0
P03333,2252.5
P03862,2251.5
P00368,2236.0
P04371,2230.0
P02973,2230.0
P02295,2226.5
P01796,2225.5
P04245,2224.0
P04045,2215.0
P04943,2210.5
P03139,2205.5
P00926,2205.0
P02113,2202.5
P00146,2197.5
P03200,2192.5
P03802,2188.5
P02729,2187.0
P02984,2186.0
P00012,2183.5
P00663,2179.0
P04552,2178.5
P03417,2176.5
P03392,2173.0
P01955,2169.5
P04162,2164.5
P02527,2163.0
P02231,2163.0
P02899,2162.0
P02258,2160.0
P02268,2159.5
P02298,2158.5
P02877,2155.5
P02236,2152.5
P04235,2144.0
P03902,2143.5
P02716,2143.5
P02280,2142.5
P02592,2140.0
P04272,2139.5
P00442,2134.0
P03172,2132.5
P04794,2132.5
P02129,2129.5
P01736,2125.5
P00524,2125.0
P01521,2122.5
P00760,2119.5
P04242,2118.5
P00884,2116.5
P00252,2110.0
P04767,2109.0
P04248,2108.0
P04182,2105.5
P01675,2103.0
P01555,2101.5
P01968,2100.5
P01678,2100.0
P04498,2100.0
P01913,2098.5
P01024,2096.0
P01364,2096.0
P00855,2096.0
P00076,2094.5
P00197,2094.0
P04003,2089.5
P01182,2089.5
P03339,2087.0
P01535,2086.5
P00840,2086.0
P01116,2085.5
P00560,2080.5
P02972,2080.5
P04982,2080.0
P01982,2077.5
P00949,2076.0
P04343,2071.0
P01231,2070.5
P00536,2068.5
P02206,2068.5
P01481,2066.5
P01834,2064.5
P04015,2061.0
P02622,2061.0
P00542,2061.0
P02769,2061.0
P03881,2058.5
P01903,2058.0
P03395,2056.0
P04161,2053.0
P00555,2052.5
P04561,2051.0
P01980,2051.0
P00651,2051.0
P01059,2050.0
P00801,2048.0
P01060,2047.5
P01722,2045.0
P04975,2043.5
P04002,2042.0
P03299,2037.5
P03131,2036.5
P00565,2035.5
P02325,2033.0
P02597,2032.0
P04333,2031.5
P01760,2031.0
P02309,2030.5
P03867,2029.0
P02574,2026.5
P00318,2026.0
P00854,2022.5
P03823,2021.0
P00728,2020.5
P03877,2020.0
P04128,2019.0
P02370,2018.0
P02725,2018.0
P03564,2017.5
P02169,2016.5
P04693,2016.0
P00558,2009.0
P00577,2009.0
P03603,2007.0
P00025,2001.5
P02035,1999.0
P00093,1992.0
P03651,1991.5
P03658,1988.5
P04679,1988.0
P04059,1987.0
P00288,1986.0
P02333,1984.5
P04351,1984.5
P02902,1982.5
P04566,1980.5
P04363,1979.5
P00786,1979.5
P04203,1977.0
P01156,1976.5
P00807,1976.5
P00393,1974.5
P04029,1973.0
P04897,1971.0
P04798,1970.5
P04491,1970.0
P04628,1967.0
P00344,1966.5
P03682,1966.5
P00793,1965.0
P02301,1964.5
P00427,1964.0
P02776,1964.0
P01780,1963.0
P03285,1958.5
P04599,1957.0
P04891,1952.5
P02350,1952.5
P04770,1949.0
P04341,1945.0
P01888,1944.0
P02538,1943.5
P02188,1943.5
P01709,1943.0
P03337,1942.0
P02294,1940.0
P02801,1937.5
P03199,1937.5
P04477,1933.0
P00657,1932.0
P03146,1931.5
P00947,1931.5
P00773,1931.0
P03565,1930.0
P02047,1929.0
P01019,1927.0
P00406,1925.5
P03674,1923.5
P04636,1923.0
P02224,1922.0
P00216,1921.0
P02606,1920.0
P02603,1917.0
P01839,1916.5
P03648,1915.5
P04742,1914.5
P03125,1913.0
P04611,1912.5
P00978,1910.5
P00390,1909.5
P04568,1909.5
P03304,1903.5
P01615,1903.0
P00375,1900.5
P02516,1899.0
P03779,1898.5
P04582,1897.5
P03290,1896.5
P01187,1895.5
P03092,1895.5
P00289,1892.0
P01530,1891.5
P03467,1888.5
P01297,1888.0
P00011,1887.5
P04102,1886.0
P02300,1884.5
P03003,1884.5
P00850,1884.0
P02824,1882.5
P03988,1882.5
P02197,1882.0
P02798,1881.0
P02922,1881.0
P04899,1880.5
P04166,1879.5
P03364,1879.5
P02611,1877.5
P00021,1876.5
P04416,1876.5
P03532,1873.5
P00993,1872.5
P04023,1872.5
P03599,1872.5
P03334,1871.5
P04453,1870.0
P03187,1865.0
P02943,1864.5
P02794,1860.0
P02134,1859.5
P01821,1858.0
P00952,1857.5
P03892,1857.0
P01783,1857.0
P03612,1855.0
P00132,1853.5
P04395,1853.0
P04357,1851.0
P04871,1851.0
P01956,1851.0
P04550,1851.0
P00847,1849.0
P00586,1849.0
P04168,1849.0
P04587,1848.0
P00323,1848.0
P01194,1846.5
P02787,1846.0
P04980,1845.0
P02334,1845.0
P04990,1843.5
P01718,1841.5
P01373,1840.5
P01890,1840.0
P04404,1840.0
P04046,1838.5
P03115,1838.0
P01464,1837.5
P01432,1837.5
P00872,1837.0
P03794,1837.0
P01011,1837.0
P04440,1835.5
P03241,1835.5
P04099,1834.5
P01025,1833.5
P04706,1833.0
P03588,1832.5
P00036,1832.0
P04559,1831.0
P02432,1829.5
P00580,1829.5
P00239,1829.0
P01207,1826.0
P00024,1825.5
P03896,1825.5
P01812,1824.5
P01347,1823.5
P02281,1823.5
P01383,1822.0
P01797,1822.0
P01957,1821.0
P00942,1820.0
P00008,1819.5
P01547,1819.5
P00370,1819.0
P01046,1818.5
P01398,1818.0
P00771,1817.5
P00127,1817.5
P02573,1816.5
P03738,1815.5
P04675,1814.0
P01556,1811.0
P02410,1810.5
P04635,1810.0
P03925,1810.0
P02305,1807.5
P01935,1806.0
P01367,1805.5
P00324,1804.0
P04514,1803.0
P02931,1802.5
P00208,1802.0
P02262,1801.0
P00706,1801.0
P04191,1800.5
P03180,1800.0
P03250,1799.5
P00276,1799.5
P04639,1799.0
P01271,1798.5
P00641,1798.5
P01647,1798.0
P00191,1797.5
P00599,1796.0
P02033,1794.0
P04377,1793.0
P02909,1789.5
P03422,1786.5
P03365,1786.5
P04934,1785.5
P03545,1782.5
P00431,1778.5
P02951,1778.0
P01919,1777.5
P01213,1777.5
P01795,1776.5
P03470,1776.5
P03485,1776.5
P00169,1776.0
P04994,1776.0
P01782,1776.0
P02217,1776.0
P00861,1775.5
P04637,1775.5
P02635,1775.0
P04323,1774.5
P03798,1774.0
P04078,1774.0
P00187,1773.5
P03797,1773.5
P04370,1773.0
P04864,1773.0
P04013,1772.5
P04986,1771.5
P04616,1771.5
P02351,1770.5
P03866,1770.0
P04509,1768.5
P00589,1768.5
P01248,1766.0
P01874,1766.0
P01845,1766.0
P04233,1765.0
P02740,1765.0
P02459,1764.0
P02474,1763.0
P00234,1761.5
P03951,1761.0
P03494,1761.0
P02903,1760.5
P00395,1758.5
P03490,1758.0
P02446,1756.5
P01904,1756.0
P04644,1753.5
P03355,1753.5
P04954,1752.5
P03755,1750.5
P01896,1750.5
P04797,1750.5
P00163,1750.0
P00819,1749.5
P00339,1749.5
P00450,1749.0
P02831,1748.5
P00365,1748.5
P02086,1747.0
P01828,1747.0
P04252,1746.5
P04459,1746.0
P03376,1746.0
P04171,1745.5
P01611,1745.5
P02558,1744.0
P04761,1743.0
P04097,1742.5
P00788,1741.5
P00866,1740.5
P00746,1740.5
P02890,1740.5
P03276,1740.0
P01561,1738.5
P04215,1738.5
P03074,1738.0
P00474,1736.0
P02230,1736.0
P04700,1734.5
P00583,1734.5
P01577,1733.0
P00162,1732.5
P00777,1730.5
P04279,1730.0
P02312,1728.5
P01216,1727.5
P02070,1727.0
P03505,1727.0
P00534,1726.5
P00851,1726.5
P03046,1726.5
P01625,1726.0
P02977,1725.0
P02338,1725.0
P01211,1724.5
P02745,1724.5
P02034,1724.5
P04856,1724.0
P02484,1724.0
P01679,1723.0
P04506,1723.0
P04332,1723.0
P03809,1722.0
P03458,1721.5
P03380,1721.0
P03305,1720.5
P01099,1719.5
P02032,1718.5
P02198,1717.5
P00911,1717.5
P03177,1717.0
P02773,1716.5
P02161,1715.5
P00907,1715.0
P02662,1715.0
P00796,1714.5
P02429,1713.5
P03692,1713.5
P02248,1713.5
P04801,1713.5
P02091,1713.0
P03893,1713.0
P01052,1712.5
P00181,1712.5
P03279,1709.5
P01510,1709.5
P04075,1709.0
P00050,1708.0
P03020,1708.0
P03252,1707.5
P00837,1707.5
P01598,1707.5
P04662,1706.5
P02067,1706.5
P04929,1705.5
P00955,1705.0
P03517,1704.5
P01943,1704.0
P00168,1703.0
P04848,1701.5
P02535,1701.5
P03912,1698.5
P02817,1698.5
P01939,1697.0
P00203,1696.5
P00315,1695.5
P02806,1694.0
P01200,1692.5
P01936,1692.5
P02684,1692.5
P02623,1689.5
P03469,1689.5
P02187,1687.5
P04607,1687.0
P01613,1687.0
P01047,1686.5
P01227,1686.0
P04585,1685.5
P00039,1685.5
P03873,1684.5
P04312,1684.5
P02488,1684.0
P04072,1681.5
P00820,1681.5
P01353,1681.5
P01767,1681.0
P03676,1680.5
P04992,1680.0
P01992,1680.0
P00616,1679.5
P03303,1679.5
P04834,1679.0
P02778,1678.0
P02567,1677.5
P00802,1676.5
P01246,1676.0
P00981,1675.5
P03028,1675.5
P01522,1674.5
P04060,1674.5
P01209,1674.5
P00391,1674.0
P01639,1673.0
P04105,1672.0
P00347,1671.5
P01648,1671.5
P02513,1671.5
P03324,1671.5
P04181,1670.5
P03071,1670.5
P04663,1670.5
P02308,1669.5
P00999,1669.0
P03852,1668.5
P02465,1667.5
P02793,1667.5
P04380,1667.0
P02271,1667.0
P03174,1666.0
P02620,1665.5
P00516,1665.0
P02384,1664.5
P02988,1664.5
P03175,1664.0
P04816,1663.5
P03786,1663.5
P04260,1661.5
P01474,1661.0
P03399,1659.5
P02273,1658.5
P01560,1658.5
P04053,1658.5
P03091,1658.5
P03741,1657.5
P04169,1657.0
P03592,1657.0
P04843,1657.0
P00776,1657.0
P02762,1656.0
P02181,1655.5
P02507,1655.5
P00081,1655.0
P03773,1654.5
P00329,1654.5
P00271,1651.5
P03459,1651.5
P00593,1651.5
P04130,1650.5
P04287,1650.0
P04869,1648.5
P01937,1648.0
P01583,1648.0
P01857,1647.5
P03600,1647.0
P03519,1647.0
P03008,1646.0
P04076,1646.0
P03031,1645.5
P00544,1645.5
P00249,1645.5
P03215,1644.0
P04039,1643.0
P02015,1642.0
P03932,1641.5
P00267,1641.5
P00049,1641.0
P02536,1641.0
P04367,1641.0
P00094,1640.5
P01882,1640.5
P04238,1640.5
P03978,1640.5
P00212,1640.0
P01654,1640.0
P00117,1640.0
P02616,1639.5
P02433,1637.5
P02587,1637.0
P04063,1636.0
P00183,1635.5
P02408,1635.5
P04736,1635.0
P01601,1634.5
P04572,1633.5
P01408,1633.0
P00282,1632.5
P03820,1631.5
P02873,1631.5
P04824,1631.5
P00110,1631.0
P02498,1631.0
P04146,1631.0
P00785,1630.5
P03750,1630.5
P00756,1629.0
P03251,1629.0
P01385,1629.0
P03330,1629.0
P03792,1628.5
P02454,1628.5
P04042,1628.0
P04799,1627.5
P02760,1627.5
P04375,1627.0
P04476,1626.5
P03935,1626.0
P01280,1625.0
P01573,1624.5
P04497,1624.5
P00636,1624.5
P02388,1624.5
P03585,1624.5
P01752,1624.0
P00269,1623.5
P03176,1623.5
P03906,1623.0
P02355,1623.0
P02891,1622.5
P03019,1622.5
P01729,1622.0
P04721,1622.0
P03561,1622.0
P04595,1622.0
P01442,1621.5
P01837,1620.5
P00860,1620.0
P02860,1620.0
P03563,1618.5
P03367,1618.5
P00705,1618.5
P02416,1618.0
P04106,1618.0
P01604,1617.5
P00574,1617.5
P01256,1617.0
P02214,1616.5
P04189,1616.0
P01362,1615.0
P01180,1615.0
P04151,1614.5
P04744,1614.0
P02580,1613.5
P02639,1613.0
P03322,1612.0
P01003,1612.0
P04983,1611.5
P00818,1611.5
P03700,1610.5
P01804,1610.0
P02969,1610.0
P00914,1610.0
P02040,1610.0
P01243,1610.0
P02935,1609.5
P02097,1608.5
P01257,1608.5
P01987,1608.5
P02469,1608.0
P01762,1608.0
P03088,1608.0
P01622,1607.5
P04504,1607.5
P03528,1607.5
P00968,1607.5
P00781,1607.0
P02974,1607.0
P03980,1607.0
P03894,1607.0
P02284,1606.5
P01827,1606.5
P03570,1606.5
P02570,1606.5
P01191,1606.0
P02259,1604.5
P02235,1603.5
P01794,1603.0
P00856,1602.0
P03336,1602.0
P02428,1601.0
P01245,1601.0
P00340,1600.5
P02221,1600.0
P04905,1600.0
P02632,1600.0
P00423,1599.5
P01758,1599.0
P03890,1599.0
P04811,1598.5
P00236,1598.5
P04071,1598.5
P02767,1597.0
P04997,1596.5
P04527,1596.0
P01244,1596.0
P04344,1594.5
P01443,1594.5
P02724,1593.5
P02815,1593.0
P04698,1592.0
P00401,1592.0
P00768,1591.5
P03373,1591.0
P00784,1590.5
P01664,1590.0
P00956,1590.0
P02088,1589.5
P01898,1589.5
P01476,1589.0
P03314,1589.0
P04758,1589.0
P03227,1588.5
P04157,1588.5
P03293,1588.0
P03998,1587.5
P00989,1587.0
P02020,1587.0
P04567,1585.5
P03633,1585.0
P03780,1584.5
P04820,1584.5
P01829,1584.5
P04678,1584.0
P00708,1583.5
P01861,1583.0
P01153,1583.0
P01592,1583.0
P02164,1582.5
P00189,1582.5
P00372,1582.0
P04316,1582.0
P01114,1581.5
P03771,1581.5
P03919,1581.0
P01221,1581.0
P02548,1580.0
P04733,1580.0
P03913,1580.0
P01892,1579.5
P02819,1579.5
P02255,1579.5
P04709,1579.5
P02124,1579.5
P03082,1578.5
P02569,1578.0
P03536,1578.0
P03025,1577.5
P00917,1577.5
P04310,1577.0
P04909,1576.5
P00552,1576.5
P03689,1576.0
P04496,1576.0
P00155,1575.0
P04970,1574.5
P00002,1574.0
P00885,1573.5
P01953,1573.5
P01459,1573.5
P03846,1573.0
P04858,1572.5
P04714,1572.0
P00428,1572.0
P01689,1572.0
P03784,1571.0
P01765,1571.0
P03748,1571.0
P02017,1570.5
P03224,1570.0
P03652,1570.0
P00859,1569.5
P00946,1569.5
P01640,1568.5
P02995,1568.5
P01964,1568.5
P01083,1568.5
P01002,1568.0
P04167,1567.5
P00753,1567.5
P03546,1567.0
P04135,1566.5
P01069,1566.5
P00613,1565.0
P00361,1565.0
P01599,1564.5
P04482,1564.5
P01924,1564.0
P01584,1564.0
P03451,1563.5
P01495,1563.5
P03782,1563.0
P01363,1563.0
P01463,1563.0
P00105,1563.0
P01354,1562.5
P02024,1562.0
P04286,1561.5
P02389,1560.5
P02356,1559.5
P01375,1559.5
P02037,1559.0
P01591,1558.5
P01692,1558.5
P03261,1558.5
P02790,1558.5
P04906,1558.5
P04784,1556.5
P00299,1556.5
P02799,1555.5
P01066,1555.5
P01732,1555.0
P03053,1555.0
P00546,1554.5
P00472,1554.0
P01917,1553.5
P00100,1553.0
P02859,1553.0
P02192,1553.0
P00272,1553.0
P02263,1552.5
P04086,1552.0
P02479,1552.0
P01777,1551.5
P03434,1551.5
P03481,1551.0
P01746,1551.0
P02332,1550.5
P02447,1550.5
P04246,1549.5
P02304,1549.0
P00512,1548.0
P00973,1548.0
P00620,1547.5
P00217,1546.0
P04535,1545.5
P00345,1545.5
P00858,1545.0
P02144,1544.5
P00429,1544.5
P00694,1544.0
P03921,1544.0
P02697,1544.0
P03498,1543.5
P00556,1543.0
P04008,1543.0
P00791,1542.5
P01159,1542.5
P04100,1542.0
P03201,1541.0
P01565,1540.5
P01411,1540.0
P01345,1540.0
P01292,1538.5
P00766,1538.0
P02581,1538.0
P04422,1537.5
P03309,1537.5
P00919,1536.5
P03810,1536.5
P01490,1536.0
P01731,1536.0
P02908,1535.5
P02692,1535.0
P03830,1534.0
P04708,1534.0
P00680,1533.5
P01117,1533.5
P03680,1533.5
P00543,1533.5
P01945,1533.0
P00940,1532.0
P03444,1531.5
P01064,1531.5
P00038,1531.5
P00230,1531.0
P01165,1531.0
P04776,1531.0
P01232,1529.5
P02495,1529.0
P03500,1528.5
P01826,1528.5
P04918,1528.0
P00418,1528.0
P03152,1528.0
P03943,1528.0
P03371,1527.5
P01866,1527.5
P01360,1527.5
P03971,1527.0
P01895,1526.5
P00078,1525.5
P01946,1525.5
P04554,1525.0
P04138,1524.5
P04524,1523.5
P04259,1523.5
P04911,1522.5
P02185,1521.0
P01395,1520.5
P03559,1520.5
P00514,1520.5
P00053,1520.5
P04818,1520.0
P04155,1519.0
P01682,1518.5
P04671,1518.5
P03664,1517.0
P00433,1516.5
P02456,1516.5
P02642,1516.5
P04945,1516.0
P00322,1516.0
P01475,1515.5
P01514,1515.5
P03478,1515.5
P01887,1515.0
P01931,1515.0
P00979,1514.5
P00762,1514.0
P03212,1513.5
P00945,1513.5
P00477,1513.5
P04660,1512.0
P04917,1512.0
P00570,1511.5
P01653,1511.0
P02813,1511.0
P02151,1510.5
P00304,1509.5
P03954,1509.0
P00538,1508.5
P01738,1508.5
P01880,1508.0
P03653,1508.0
P00454,1507.5
P03206,1507.0
P01600,1507.0
P01125,1507.0
P02381,1507.0
P00237,1506.0
P01552,1506.0
P01397,1505.0
P03260,1504.5
P00123,1504.5
P03845,1504.0
P03468,1504.0
P00107,1503.0
P01412,1503.0
P04804,1503.0
P04813,1502.0
P01094,1501.5
P00835,1501.5
P02875,1501.0
P01048,1500.5
P01361,1500.5
P03308,1499.0
P01910,1498.0
P04560,1497.0
P00389,1496.0
P03571,1495.5
P04198,1495.0
P00894,1495.0
P04601,1494.5
P03006,1494.5
P04808,1494.5
P01920,1494.5
P03127,1494.0
P01617,1494.0
P00703,1493.0
P01905,1492.5
P01478,1492.0
P00961,1491.5
P00468,1491.5
P03861,1491.5
P04989,1491.0
P00862,1491.0
P00307,1491.0
P02630,1490.5
P01650,1490.0
P04718,1489.0
P02329,1488.5
P00379,1488.0
P01210,1488.0
P03681,1488.0
P01885,1488.0
P03220,1487.5
P00892,1486.5
P02406,1486.5
P01688,1486.0
P02234,1486.0
P02366,1486.0
P04661,1485.5
P02607,1485.5
P03605,1485.0
P00273,1485.0
P03853,1484.5
P00646,1484.5
P00976,1484.5
P02585,1484.5
P01994,1484.0
P01951,1483.5
P04485,1483.0
P00444,1483.0
P00367,1483.0
P04592,1482.5
P01234,1482.5
P02925,1481.5
P04417,1481.0
P00609,1481.0
P01512,1481.0
P02958,1480.5
P03624,1480.5
P02505,1480.0
P03695,1479.5
P01938,1479.0
P00815,1479.0
P02780,1478.5
P04236,1477.5
P03457,1477.5
P02071,1477.5
P04414,1477.0
P04321,1476.5
P01788,1476.0
P02372,1475.5
P04147,1475.0
P02584,1474.5
P02084,1474.5
P04070,1474.5
P04838,1474.0
P03549,1474.0
P04539,1474.0
P03120,1473.5
P01466,1473.0
P02323,1473.0
P03432,1473.0
P02964,1473.0
P04687,1472.0
P03076,1471.5
P02919,1471.5
P00759,1470.5
P01786,1470.5
P02008,1470.0
P00154,1469.5
P01711,1469.5
P02175,1469.5
P04179,1469.0
P04436,1469.0
P00647,1469.0
P04847,1468.5
P00509,1468.5
P04790,1468.0
P02825,1468.0
P00104,1468.0
P03783,1468.0
P02782,1467.5
P01141,1467.0
P03836,1467.0
P02694,1467.0
P01250,1466.5
P04610,1466.0
P02509,1466.0
P04382,1465.5
P01089,1465.0
P00913,1464.0
P01594,1464.0
P04199,1463.5
P02596,1463.5
P03098,1462.5
P01730,1462.5
P00145,1462.5
P01948,1462.5
P04844,1462.0
P01660,1461.5
P02212,1461.0
P00830,1461.0
P02883,1461.0
P04927,1460.5
P01477,1459.0
P02031,1458.5
P04724,1458.5
P01110,1458.0
P03844,1458.0
P02392,1457.5
P00073,1457.5
P00757,1457.5
P00275,1456.0
P02543,1456.0
P02525,1455.5
P01107,1455.5
P04521,1455.0
P03521,1454.0
P00397,1454.0
P00611,1454.0
P01991,1453.5
P04863,1453.0
P02989,1453.0
P04124,1452.5
P00229,1452.0
P00052,1452.0
P01773,1452.0
P01433,1452.0
P00416,1452.0
P04292,1452.0
P04960,1451.5
P00358,1449.5
P03727,1449.5
P02425,1449.5
P02413,1449.0
P04916,1448.5
P00798,1448.5
P02754,1448.5
P03415,1448.5
P04903,1448.0
P00758,1448.0
P03198,1447.5
P02401,1447.5
P03377,1447.5
P02331,1447.0
P01416,1446.5
P04438,1446.5
P01368,1446.5
P01651,1446.0
P04730,1446.0
P00405,1446.0
P03513,1445.5
P02905,1444.5
P01323,1444.5
P00205,1444.5
P01086,1444.0
P04032,1444.0
P00676,1443.5
P03014,1443.5
P03488,1443.0
P01261,1443.0
P01312,1443.0
P03963,1443.0
P01824,1442.0
P01959,1442.0
P02644,1442.0
P02385,1442.0
P04870,1440.5
P02078,1440.5
P01763,1440.0
P02063,1440.0
P01259,1440.0
P02398,1439.5
P03035,1439.0
P00735,1439.0
P03245,1438.5
P03317,1438.5
P02057,1437.5
P04461,1437.5
P04421,1437.5
P00337,1437.0
P00209,1437.0
P04448,1436.5
P00909,1435.0
P03327,1434.0
P04117,1433.5
P02115,1433.5
P02861,1433.5
P01813,1433.0
P01846,1432.5
P04061,1432.5
P02371,1432.0
P04175,1432.0
P03721,1431.5
P03329,1431.0
P01750,1431.0
P03184,1430.0
P02118,1430.0
P02711,1429.5
P01548,1429.5
P04659,1429.0
P02816,1429.0
P02593,1429.0
P01053,1428.5
P02444,1428.0
P04390,1427.5
P00744,1427.0
P04066,1426.5
P01612,1426.5
P02827,1426.5
P03265,1426.5
P01473,1426.5
P02651,1426.0
P04159,1426.0
P03848,1425.5
P03662,1425.5
P04025,1425.5
P02657,1425.0
P01184,1424.5
P00139,1424.5
P04092,1424.5
P00948,1424.5
P03789,1424.5
P00508,1424.0
P04067,1424.0
P00458,1424.0
P04613,1423.5
P01203,1423.5
P02069,1423.5
P04883,1423.5
P04540,1423.0
P04317,1423.0
P03956,1422.5
P01030,1422.5
P01381,1422.5
P00902,1422.0
P01572,1422.0
P02808,1421.5
P02937,1421.5
P03909,1421.5
P01979,1421.0
P01743,1421.0
P02781,1421.0
P04996,1420.5
P02952,1420.5
P02695,1420.5
P00714,1420.0
P01062,1420.0
P01287,1420.0
P00891,1419.5
P01106,1419.5
P04195,1419.5
P02786,1419.5
P01469,1419.0
P03778,1419.0
P03140,1418.5
P04800,1418.0
P03406,1418.0
P02315,1418.0
P02655,1418.0
P04034,1418.0
P02036,1416.0
P00998,1415.5
P04713,1415.5
P02023,1415.0
P01179,1414.5
P00865,1414.5
P04777,1414.5
P03170,1414.5
P01519,1414.5
P03551,1414.5
P00890,1414.0
P02346,1414.0
P03516,1414.0
P04576,1414.0
P02693,1413.5
P04121,1413.5
P04558,1413.5
P04035,1413.0
P04603,1413.0
P00407,1412.5
P04670,1412.5
P00639,1412.5
P03136,1412.5
P03673,1412.5
P02994,1412.0
P00983,1412.0
P01020,1412.0
P03239,1412.0
P00511,1411.5
P00535,1411.5
P00192,1411.0
P04956,1410.5
P02053,1410.5
P00863,1410.5
P00006,1410.5
P00828,1410.0
P01031,1410.0
P02705,1409.5
P04173,1409.5
P02373,1409.5
P04103,1409.5
P00721,1409.5
P04085,1409.0
P04682,1408.0
P02992,1408.0
P01927,1408.0
P00717,1407.5
P03149,1407.5
P00004,1407.5
P00867,1407.0
P03654,1407.0
P02976,1407.0
P01941,1407.0
P03385,1407.0
P02889,1407.0
P04773,1406.5
P04577,1406.5
P03936,1405.5
P02685,1405.5
P00238,1405.5
P01608,1405.0
P00826,1405.0
P04303,1404.5
P04944,1404.5
P03497,1404.5
P04792,1403.5
P04769,1403.0
P03905,1402.5
P02000,1402.0
P03531,1401.5
P00675,1401.0
P03100,1401.0
P03113,1400.5
P03558,1400.5
P01318,1400.0
P00357,1400.0
P00832,1400.0
P00027,1399.5
P01005,1399.5
P03435,1399.0
P03701,1398.5
P01167,1398.5
P00805,1398.5
P03166,1398.5
P00681,1398.5
P03412,1398.5
P04330,1398.0
P04314,1397.5
P02637,1397.5
P00409,1397.5
P03702,1397.5
P01142,1397.5
P01155,1397.0
P04441,1396.5
P04261,1396.5
P00963,1396.5
P00387,1396.5
P03228,1396.0
P02092,1396.0
P04163,1396.0
P01131,1396.0
P04520,1396.0
P02677,1395.5
P02052,1395.5
P01972,1395.5
P02374,1395.0
P01434,1395.0
P00941,1395.0
P04499,1395.0
P03850,1394.5
P04374,1394.5
P00311,1394.5
P00610,1394.5
P00346,1394.0
P01596,1393.5
P04757,1393.5
P02081,1393.0
P03506,1393.0
P02749,1393.0
P02426,1393.0
P01696,1393.0
P00291,1392.5
P00564,1392.5
P04187,1392.5
P03433,1392.5
P03101,1392.0
P03930,1391.5
P01893,1391.5
P02681,1391.0
P01215,1389.5
P00248,1389.5
P02141,1389.5
P03195,1389.0
P02076,1389.0
P04807,1389.0
P00396,1389.0
P01057,1389.0
P04825,1389.0
P01929,1389.0
P01814,1389.0
P02276,1388.5
P04452,1388.5
P00018,1388.0
P00842,1388.0
P02887,1387.5
P04041,1387.5
P00893,1387.5
P00693,1387.0
P01768,1387.0
P00748,1386.5
P03069,1386.5
P02514,1386.0
P04981,1385.5
P00688,1385.5
P00070,1385.5
P04600,1385.0
P01157,1385.0
P01045,1385.0
P04722,1384.5
P04688,1384.5
P01550,1384.5
P04256,1384.0
P04202,1384.0
P02791,1383.5
P01810,1383.5
P03541,1383.0
P03752,1382.5
P02556,1382.5
P03461,1382.0
P04614,1382.0
P02283,1382.0
P03801,1382.0
P01589,1381.5
P02856,1381.0
P04596,1381.0
P04040,1380.5
P03289,1380.5
P00642,1380.5
P03609,1380.0
P03580,1379.5
P00088,1379.5
P01247,1378.5
P01867,1378.5
P03839,1378.5
P01748,1377.5
P00982,1377.5
P01372,1377.0
P03712,1377.0
P01683,1377.0
P00995,1376.5
P00063,1376.5
P04424,1376.5
P04364,1376.5
P03683,1376.5
P01524,1376.0
P01108,1376.0
P02804,1376.0
P02266,1375.5
P00417,1375.5
P03869,1375.5
P01482,1375.5
P01585,1375.5
P04267,1375.0
P02722,1375.0
P04562,1375.0
P01237,1374.5
P04686,1374.5
P00306,1374.5
P04201,1374.0
P04282,1374.0
P03703,1373.5
P01864,1373.5
P04148,1373.0
P03675,1373.0
P01966,1373.0
P02222,1372.5
P03740,1372.0
P03945,1372.0
P02666,1371.5
P04548,1371.5
P03126,1371.5
P01160,1371.0
P00690,1371.0
P04431,1370.5
P04814,1370.0
P00800,1369.5
P03258,1369.5
P01549,1369.5
P01084,1369.5
P04107,1369.0
P01305,1369.0
P00481,1368.5
P03015,1368.5
P04664,1368.5
P00180,1368.0
P00033,1368.0
P04065,1368.0
P04873,1368.0
P01348,1367.5
P00079,1367.5
P02715,1367.0
P01902,1367.0
P04300,1366.5
P03948,1366.5
P01302,1366.0
P02306,1366.0
P00712,1366.0
P00254,1366.0
P00951,1366.0
P00868,1365.5
P04842,1365.0
P03357,1365.0
P01981,1365.0
P03274,1365.0
P03049,1365.0
P02598,1364.0
P01586,1363.5
P04793,1363.0
P04490,1363.0
P03256,1363.0
P00495,1362.5
P02912,1362.5
P01371,1362.0
P04334,1361.5
P04288,1361.5
P01753,1360.5
P02093,1360.0
P01484,1360.0
P00193,1359.5
P01235,1359.5
P04627,1359.0
P03598,1359.0
P00814,1358.5
P04027,1358.5
P01249,1358.5
P02855,1358.5
P03210,1358.0
P01720,1358.0
P02653,1358.0
P02189,1357.5
P00089,1357.5
P02068,1357.5
P01840,1357.5
P01111,1357.0
P01104,1356.5
P04080,1356.0
P01451,1356.0
P01674,1356.0
P03248,1355.5
P00883,1355.5
P00101,1355.5
P02914,1355.5
P03389,1355.5
P01900,1355.0
P00615,1355.0
P03487,1355.0
P00035,1354.5
P03865,1354.5
P02987,1354.5
P04653,1354.0
P03205,1354.0
P04941,1354.0
P02698,1354.0
P02060,1354.0
P02335,1353.5
P02277,1352.5
P02177,1352.5
P02710,1351.5
P03242,1351.5
P03639,1350.5
P03961,1350.5
P01685,1350.5
P02341,1350.0
P03278,1350.0
P04001,1350.0
P00284,1350.0
P03043,1350.0
P00476,1349.5
P03408,1349.5
P04955,1349.5
P04812,1349.0
P02499,1349.0
P00376,1349.0
P03323,1349.0
P00352,1348.5
P01645,1348.5
P04308,1348.5
P04226,1348.5
P03569,1348.5
P03123,1348.0
P02322,1347.5
P03933,1347.0
P04302,1347.0
P03818,1347.0
P02128,1346.5
P02746,1346.5
P04443,1346.5
P03375,1346.5
P00803,1346.0
P02551,1346.0
P03273,1346.0
P04153,1346.0
P04017,1345.5
P03518,1345.0
P01526,1344.5
P01304,1344.5
P01558,1344.5
P01677,1344.0
P04984,1344.0
P00727,1344.0
P03463,1344.0
P02310,1344.0
P00148,1343.5
P01394,1343.5
P02822,1343.5
P02625,1343.0
P01727,1343.0
P03440,1343.0
P04156,1343.0
P00985,1343.0
P01739,1343.0
P03967,1343.0
P03697,1342.5
P01124,1342.0
P01051,1341.5
P02668,1341.5
P00692,1341.0
P04218,1341.0
P00109,1341.0
P01940,1340.5
P03416,1340.0
P03018,1339.5
P03660,1339.5
P01754,1339.0
P03696,1339.0
P00022,1339.0
P04240,1338.5
P02983,1338.5
P02157,1337.5
P00060,1337.5
P02921,1337.5
P04020,1337.5
P00384,1337.0
P00242,1336.0
P04081,1336.0
P01856,1336.0
P01721,1336.0
P01437,1335.5
P03965,1335.0
P01456,1335.0
P03714,1335.0
P00496,1335.0
P04358,1335.0
P03796,1334.5
P04711,1334.0
P01212,1333.5
P02237,1333.5
P00037,1333.0
P03656,1332.5
P02577,1332.0
P00014,1331.5
P02240,1331.5
P03164,1331.5
P02554,1331.5
P00072,1331.0
P01574,1331.0
P01789,1330.5
P02241,1330.5
P02541,1330.0
P04949,1330.0
P00684,1330.0
P03914,1330.0
P00644,1330.0
P02634,1330.0
P02553,1329.5
P03023,1329.5
P04450,1329.5
P02766,1329.5
P00653,1329.0
P01253,1329.0
P01969,1329.0
P04493,1329.0
P02431,1328.5
P04413,1328.0
P01391,1328.0
P02171,1328.0
P03259,1328.0
P04432,1327.5
P02375,1327.5
P02850,1327.5
P02520,1327.5
P00206,1327.5
P01658,1327.0
P02299,1327.0
P04221,1326.5
P03213,1326.5
P01467,1326.5
P01388,1326.0
P00202,1326.0
P04727,1326.0
P04309,1326.0
P03686,1325.5
P03116,1325.5
P04224,1325.5
P01825,1325.0
P03957,1324.5
P01014,1324.5
P01843,1324.5
P02881,1324.0
P02511,1324.0
P02920,1324.0
P00882,1324.0
P03318,1323.5
P04541,1323.5
P00243,1323.0
P01004,1323.0
P04836,1323.0
P03670,1322.5
P03381,1322.5
P03464,1322.5
P01694,1322.5
P02064,1322.0
P00459,1322.0
P00624,1322.0
P02884,1322.0
P00201,1322.0
P02098,1321.0
P02317,1321.0
P03192,1321.0
P04649,1321.0
P04826,1321.0
P00649,1320.5
P02342,1320.5
P01331,1320.0
P01320,1320.0
P02624,1319.0
P00098,1319.0
P00600,1318.5
P02557,1318.5
P03372,1318.5
P00285,1318.0
P04750,1318.0
P04352,1318.0
P03272,1317.5
P02152,1317.0
P03405,1317.0
P01960,1316.5
P03657,1316.5
P00419,1316.0
P04021,1316.0
P04961,1316.0
P04791,1315.5
P01139,1315.5
P00895,1315.0
P00767,1314.5
P00936,1314.5
P00131,1314.5
P02962,1314.5
P02313,1314.5
P02703,1314.5
P02589,1313.5
P02834,1313.5
P02314,1313.5
P00876,1313.0
P02483,1313.0
P04430,1313.0
P04220,1312.5
P04247,1312.5
P02868,1312.5
P00377,1312.0
P01909,1312.0
P03911,1312.0
P01860,1311.5
P04331,1311.0
P03264,1311.0
P00590,1311.0
P01356,1311.0
P00278,1311.0
P02363,1310.5
P02979,1310.5
P03321,1310.5
P01830,1310.5
P04882,1310.5
P00296,1310.5
P04707,1310.0
P03311,1309.5
P00198,1309.5
P04634,1309.5
P00441,1309.5
P02411,1309.0
P00879,1308.5
P02482,1308.0
P00720,1308.0
P01695,1308.0
P01405,1308.0
P02430,1307.5
P01186,1307.5
P01127,1307.0
P02562,1307.0
P00032,1307.0
P04346,1306.5
P04437,1306.5
P00701,1306.5
P02269,1306.5
P03927,1306.5
P03266,1306.0
P03453,1306.0
P01642,1306.0
P04915,1306.0
P04525,1305.5
P04701,1305.5
P04629,1305.5
P03800,1305.5
P01975,1305.0
P04116,1304.0
P03706,1304.0
P03267,1304.0
P00316,1304.0
P01090,1303.5
P02066,1303.0
P00578,1303.0
P04047,1303.0
P01926,1303.0
P02985,1302.5
P04586,1302.5
P02486,1302.5
P01703,1302.5
P03529,1302.0
P02812,1302.0
P03306,1302.0
P02700,1301.0
P02200,1301.0
P01275,1301.0
P04463,1301.0
P00686,1300.5
P04243,1300.5
P00739,1299.5
P03996,1299.5
P01075,1299.0
P01663,1299.0
P03822,1298.0
P03608,1298.0
P00877,1298.0
P03110,1298.0
P01715,1298.0
P02565,1297.5
P01811,1297.5
P03987,1297.5
P03012,1297.0
P01655,1297.0
P04451,1296.5
P03781,1296.5
P01264,1296.5
P03875,1296.5
P02318,1296.0
P01339,1296.0
P04411,1296.0
P00250,1296.0
P00626,1296.0
P04093,1295.5
P01950,1295.5
P03665,1295.5
P00096,1295.5
P04715,1295.5
P02229,1295.5
P02752,1295.0
P00780,1294.5
P02249,1294.5
P00350,1294.5
P01977,1294.5
P01355,1294.5
P02072,1294.5
P00160,1294.5
P00443,1294.0
P00603,1294.0
P03326,1294.0
P04557,1294.0
P04977,1293.5
P00584,1293.5
P04456,1293.5
P03581,1293.0
P03785,1293.0
P04223,1292.5
P02880,1292.5
P03128,1292.5
P02832,1292.5
P03613,1292.5
P01168,1292.0
P03826,1292.0
P04412,1292.0
P02252,1291.0
P02101,1291.0
P01487,1291.0
P02108,1291.0
P00683,1291.0
P01290,1290.5
P04190,1290.5
P01587,1290.5
P02900,1289.0
P04890,1289.0
P04768,1289.0
P02885,1288.5
P01728,1288.5
P01226,1288.5
P04479,1288.5
P04472,1288.0
P02038,1288.0
P02986,1288.0
P04803,1288.0
P04275,1288.0
P02449,1288.0
P00108,1288.0
P02046,1287.5
P03052,1287.5
P00003,1287.5
P00185,1287.5
P00587,1287.5
P04474,1287.0
P01784,1287.0
P04951,1287.0
P00487,1287.0
P02339,1287.0
P03471,1286.5
P01441,1286.5
P01307,1286.5
P02158,1286.5
P01540,1286.5
P02970,1286.0
P04019,1286.0
P03181,1286.0
P04974,1286.0
P04946,1286.0
P02862,1285.5
P02708,1285.0
P04263,1285.0
P03504,1285.0
P01008,1285.0
P03489,1285.0
P04676,1285.0
P00241,1285.0
P02427,1284.5
P02691,1284.0
P03864,1284.0
P02731,1284.0
P01676,1284.0
P03013,1283.5
P02307,1283.5
P00960,1283.5
P00013,1283.5
P02120,1283.5
P03418,1283.0
P01621,1283.0
P02477,1283.0
P02957,1282.5
P01704,1282.0
P01901,1282.0
P03523,1282.0
P02993,1281.5
P03211,1281.5
P04892,1281.5
P01635,1281.5
P03016,1281.5
P02676,1281.0
P04018,1280.5
P01554,1280.5
P03167,1280.5
P04695,1280.0
P03917,1280.0
P01921,1280.0
P03362,1280.0
P03837,1280.0
P04696,1279.5
P03827,1279.0
P03974,1279.0
P01747,1279.0
P02104,1278.5
P03079,1278.5
P02404,1278.5
P01189,1278.0
P03667,1278.0
P03883,1278.0
P02378,1278.0
P03143,1278.0
P00152,1277.5
P04972,1277.5
P01299,1277.5
P02522,1277.0
P02756,1277.0
P00259,1277.0
P04902,1277.0
P03068,1277.0
P03734,1277.0
P00092,1276.5
P03150,1276.5
P03283,1276.5
P03507,1276.0
P02196,1276.0
P00461,1276.0
P01911,1275.5
P03354,1275.5
P03879,1275.5
P01509,1275.5
P00114,1275.5
P02326,1275.5
P03169,1275.5
P04988,1275.0
P00059,1275.0
P01133,1275.0
P02730,1275.0
P02100,1275.0
P02913,1274.5
P03814,1274.0
P01624,1274.0
P02043,1274.0
P02540,1273.5
P03087,1273.0
P00408,1273.0
P00440,1272.5
P00478,1272.5
P00456,1272.5
P02686,1272.5
P00823,1272.5
P03897,1272.0
P01671,1272.0
P00750,1272.0
P00695,1272.0
P00141,1272.0
P00143,1272.0
P02464,1271.5
P03244,1271.5
P02559,1271.5
P04264,1271.5
P01836,1271.5
P04389,1271.0
P03947,1270.5
P01202,1270.5
P01325,1270.5
P04177,1270.5
P04837,1270.0
P00671,1270.0
P04197,1270.0
P00103,1269.5
P01809,1269.0
P03627,1269.0
P02742,1269.0
P02050,1269.0
P04940,1268.5
P03768,1268.5
P00445,1268.0
P00804,1267.5
P01741,1267.5
P01791,1267.5
P01958,1267.5
P03855,1267.5
P02948,1267.0
P03719,1266.5
P02386,1266.5
P04185,1266.5
P02811,1266.5
P02364,1266.0
P04874,1266.0
P03511,1266.0
P02180,1266.0
P03694,1265.5
P03766,1265.5
P04335,1265.0
P01350,1265.0
P00844,1264.5
P01272,1264.0
P02734,1264.0
P00852,1264.0
P03134,1263.5
P01273,1263.5
P02528,1263.5
P04530,1263.5
P03578,1263.5
P00761,1263.5
P04783,1263.5
P01632,1263.5
P04612,1263.5
P02439,1263.5
P04038,1263.0
P02833,1262.5
P01359,1262.5
P02022,1262.0
P03679,1262.0
P04669,1262.0
P01486,1262.0
P04589,1262.0
P00083,1262.0
P03077,1261.5
P00576,1261.5
P01479,1261.5
P02953,1261.5
P04580,1261.5
P00765,1260.5
P03280,1260.5
P03393,1260.0
P04720,1260.0
P01138,1260.0
P00637,1259.5
P01404,1259.5
P04752,1259.5
P00778,1259.0
P00901,1259.0
P03547,1258.5
P01759,1258.0
P01776,1258.0
P01662,1257.5
P02173,1257.0
P04408,1257.0
P03472,1257.0
P00320,1257.0
P00378,1256.0
P03132,1256.0
P03630,1256.0
P03296,1256.0
P02802,1255.5
P02534,1255.5
P00446,1255.0
P02267,1255.0
P02274,1255.0
P03057,1255.0
P00935,1254.5
P00111,1253.5
P00305,1253.0
P02723,1253.0
P03835,1253.0
P00309,1252.5
P04597,1252.5
P03761,1252.0
P02612,1251.5
P03209,1251.5
P01799,1251.5
P01001,1251.5
P01162,1251.5
P00937,1251.5
P02244,1251.0
P04305,1250.5
P00869,1250.5
P03763,1250.5
P03203,1250.5
P02896,1250.5
P03923,1250.0
P04900,1250.0
P04591,1250.0
P00899,1249.5
P01222,1249.0
P02600,1249.0
P02019,1248.5
P01755,1248.5
P03623,1248.0
P03426,1248.0
P04494,1248.0
P00075,1248.0
P03859,1248.0
P03666,1248.0
P02137,1248.0
P01997,1248.0
P04827,1247.5
P03655,1247.0
P01933,1246.0
P01822,1245.5
P03688,1245.5
P00629,1245.0
P03450,1244.5
P00816,1244.5
P02702,1244.5
P03409,1244.5
P00557,1244.0
P02377,1244.0
P04734,1243.5
P01532,1243.5
P04684,1243.5
P00485,1243.5
P02176,1243.5
P03347,1243.0
P04854,1243.0
P03637,1243.0
P04009,1243.0
P00939,1242.5
P00878,1242.5
P04206,1242.0
P03196,1242.0
P01838,1241.5
P01523,1241.5
P01667,1241.5
P01808,1241.0
P00754,1241.0
P02480,1240.5
P02904,1240.5
P00045,1240.5
P04320,1240.5
P04889,1240.0
P00266,1240.0
P01452,1240.0
P04230,1240.0
P02194,1240.0
P03492,1240.0
P02950,1239.5
P01735,1239.5
P04691,1239.5
P00430,1239.5
P01289,1239.0
P02471,1239.0
P02646,1239.0
P04188,1239.0
P04262,1238.5
P01626,1238.5
P01962,1238.5
P00503,1238.0
P03155,1238.0
P01369,1238.0
P03160,1238.0
P01595,1237.5
P04789,1237.5
P03455,1237.0
P02218,1237.0
P04602,1237.0
P03449,1236.5
P01175,1236.5
P04427,1236.5
P02739,1236.5
P02292,1236.0
P02109,1236.0
P03687,1235.5
P02911,1235.5
P00810,1235.0
P03602,1235.0
P02679,1235.0
P01757,1235.0
P04753,1234.5
P04728,1234.5
P01649,1234.5
P01831,1234.0
P02105,1234.0
P02347,1234.0
P04904,1233.5
P04355,1233.5
P02601,1233.5
P03767,1233.5
P00769,1233.5
P03495,1233.5
P02062,1233.0
P01082,1233.0
P00277,1233.0
P02114,1233.0
P04876,1232.5
P03051,1232.5
P02204,1232.5
P00809,1232.0
P04467,1232.0
P04274,1232.0
P03129,1232.0
P02117,1232.0
P02009,1231.5
P00411,1231.5
P04551,1231.5
P00943,1231.5
P02818,1231.5
P00498,1231.0
P02721,1231.0
P02915,1230.5
P01418,1230.5
P03410,1230.0
P04209,1230.0
P02083,1229.5
P00066,1229.0
P00500,1229.0
P04729,1228.5
P00908,1228.5
P03629,1228.5
P04781,1228.0
P01335,1228.0
P01699,1228.0
P01740,1228.0
P02853,1228.0
P03984,1228.0
P03439,1227.5
P00967,1227.5
P03246,1227.0
P01171,1227.0
P00099,1227.0
P04055,1227.0
P00177,1227.0
P01096,1226.5
P03829,1226.5
P00707,1226.5
P03693,1226.5
P00171,1226.5
P03302,1226.5
P01349,1226.5
P01152,1226.5
P01602,1226.0
P00479,1226.0
P04464,1226.0
P00095,1226.0
P04886,1226.0
P04403,1226.0
P00046,1225.5
P00325,1225.5
P03288,1225.5
P01298,1225.0
P02942,1225.0
P03466,1225.0
P04137,1224.5
P04851,1224.5
P00678,1224.5
P04861,1224.5
P04307,1224.0
P04787,1224.0
P01876,1223.5
P00293,1223.5
P04538,1223.5
P00332,1223.5
P03824,1223.0
P01862,1223.0
P03158,1223.0
P02013,1222.5
P02663,1222.5
P02136,1222.5
P01628,1222.5
P03813,1222.5
P00752,1222.0
P03871,1222.0
P03858,1222.0
P01351,1222.0
P04372,1221.5
P04604,1221.5
P02629,1220.5
P02870,1220.5
P00719,1220.5
P01396,1220.5
P04406,1220.5
P02775,1220.5
P00581,1220.0
P02758,1220.0
P04108,1220.0
P02213,1220.0
P00528,1220.0
P04969,1219.5
P01868,1219.5
P00211,1219.5
P00130,1219.5
P02837,1219.0
P03424,1219.0
P03141,1218.5
P02061,1218.5
P01609,1218.5
P02563,1218.5
P01338,1218.5
P04564,1218.5
P00666,1218.5
P02211,1218.0
P04979,1218.0
P02526,1218.0
P04324,1218.0
P01723,1218.0
P04469,1218.0
P01803,1217.5
P00360,1217.5
P02349,1217.5
P04350,1217.5
P01581,1217.5
P04964,1217.0
P04193,1217.0
P01276,1217.0
P02628,1217.0
P04978,1217.0
P01985,1217.0
P02417,1216.5
P00404,1216.5
P04387,1216.5
P03189,1216.5
P00184,1216.0
P01384,1215.5
P01579,1215.0
P01916,1215.0
P04760,1215.0
P04306,1215.0
P03990,1215.0
P03891,1214.5
P00122,1214.5
P00572,1214.0
P01050,1213.5
P02149,1213.0
P03959,1213.0
P00074,1213.0
P02156,1213.0
P01120,1213.0
P00588,1213.0
P03420,1213.0
P00755,1213.0
P04817,1212.5
P00566,1212.5
P01460,1212.5
P02575,1212.0
P03753,1211.5
P03807,1211.5
P04379,1211.0
P03161,1211.0
P04478,1211.0
P04318,1211.0
P04971,1210.5
P04716,1210.5
P00064,1210.0
P03005,1210.0
P01409,1210.0
P03900,1209.5
P03964,1209.5
P03048,1209.5
P04295,1209.5
P04158,1209.5
P02130,1209.0
P01109,1209.0
P04898,1209.0
P03939,1209.0
P00321,1209.0
P03084,1209.0
P03989,1208.5
P02290,1208.5
P02858,1208.5
P00575,1208.5
P02143,1208.5
P02494,1208.5
P04315,1208.5
P04759,1208.0
P03112,1207.5
P04534,1207.5
P03940,1207.0
P03238,1207.0
P04423,1207.0
P04690,1206.5
P00658,1206.5
P02560,1206.0
P02785,1206.0
P04442,1206.0
P04393,1206.0
P02285,1206.0
P01126,1206.0
P03064,1205.5
P04966,1205.5
P01705,1205.5
P04754,1205.0
P03832,1205.0
P03759,1205.0
P02079,1204.5
P03650,1204.5
P04480,1204.5
P01883,1204.5
P03573,1204.5
P03331,1203.5
P01863,1203.5
P02521,1203.5
P00903,1203.0
P01140,1203.0
P02842,1203.0
P02303,1203.0
P00797,1203.0
P03982,1202.5
P01841,1202.5
P01835,1202.5
P03291,1202.5
P04584,1202.0
P01726,1202.0
P00399,1202.0
P00085,1201.5
P00547,1201.5
P02872,1201.5
P02422,1201.0
P04384,1201.0
P04962,1200.5
P01575,1200.5
P01269,1200.5
P01470,1200.0
P04194,1200.0
P00958,1200.0
P03735,1200.0
P01944,1200.0
P01700,1199.5
P03729,1199.5
P03552,1199.5
P02074,1199.5
P03366,1199.5
P02621,1199.5
P00489,1199.5
P00044,1199.0
P03319,1199.0
P02576,1199.0
P02122,1199.0
P03026,1199.0
P00414,1199.0
P00402,1199.0
P03542,1199.0
P00559,1198.5
P01716,1198.5
P01629,1198.5
P01147,1198.5
P01897,1198.5
P03353,1198.5
P00051,1198.5
P03142,1198.0
P01326,1198.0
P02959,1198.0
P02852,1198.0
P04486,1197.5
P04216,1197.5
P01852,1197.5
P00725,1197.5
P01922,1197.5
P03584,1197.0
P04704,1197.0
P02153,1196.5
P00794,1196.0
P03876,1196.0
P04575,1195.5
P00134,1195.5
P03997,1195.5
P03628,1195.5
P02928,1195.5
P04125,1195.0
P00513,1194.5
P02991,1194.5
P02615,1194.5
P02219,1194.0
P02753,1194.0
P04606,1194.0
P03257,1194.0
P01196,1193.5
P02707,1193.5
P03407,1193.0
P03595,1193.0
P01049,1193.0
P01035,1193.0
P00897,1193.0
P00422,1192.5
P01010,1192.5
P00888,1192.5
P00517,1192.0
P02800,1191.5
P04184,1191.0
P03787,1191.0
P00471,1190.5
P00722,1190.5
P04054,1190.5
P03282,1190.0
P01241,1190.0
P00621,1189.5
P01805,1189.5
P01988,1189.0
P04976,1189.0
P03182,1188.5
P04089,1188.0
P02670,1188.0
P03338,1188.0
P01018,1188.0
P03104,1187.5
P03522,1187.5
P02830,1187.5
P04037,1187.0
P02720,1187.0
P03704,1187.0
P00539,1186.5
P04593,1186.5
P00087,1186.5
P03208,1186.0
P00253,1186.0
P01817,1186.0
P00261,1185.5
P01406,1185.5
P04786,1185.0
P02761,1185.0
P00519,1185.0
P02882,1185.0
P02190,1185.0
P04680,1185.0
P04219,1184.5
P04454,1184.5
P03349,1184.5
P03153,1184.5
P03403,1184.5
P00084,1184.0
P01610,1183.5
P01468,1183.5
P01134,1183.0
P04326,1183.0
P04872,1182.5
P02906,1182.5
P01101,1182.5
P03345,1182.5
P04298,1182.5
P04280,1182.5
P03575,1182.0
P02394,1182.0
P01178,1181.5
P03993,1181.5
P01537,1181.5
P01952,1181.0
P04462,1181.0
P00789,1181.0
P03118,1180.5
P01496,1180.5
P03219,1180.5
P04165,1180.5
P01928,1180.5
P03548,1180.5
P00829,1180.0
P04428,1180.0
P02892,1180.0
P01872,1179.5
P00645,1179.5
P01365,1179.5
P00301,1179.5
P01332,1179.0
P03063,1179.0
P00041,1178.5
P00455,1178.5
P00040,1178.0
P00265,1178.0
P01934,1178.0
P00327,1177.5
P03243,1177.5
P04362,1177.5
P03992,1177.5
P04069,1177.0
P04091,1177.0
P02279,1177.0
P00912,1177.0
P04646,1177.0
P01403,1177.0
P04590,1176.5
P02343,1176.5
P04570,1176.0
P00953,1176.0
P00196,1176.0
P01505,1176.0
P02795,1176.0
P04495,1176.0
P00153,1176.0
P00410,1175.5
P03099,1175.5
P04079,1175.5
P02272,1175.5
P02665,1175.0
P02586,1175.0
P00176,1175.0
P02867,1174.5
P00466,1174.5
P00380,1174.0
P01539,1174.0
P04048,1174.0
P01033,1174.0
P04888,1174.0
P03614,1173.5
P03711,1173.5
P03465,1173.5
P00303,1173.5
P00679,1173.0
P00713,1173.0
P01158,1173.0
P00938,1173.0
P02599,1172.5
P04501,1172.5
P04254,1172.5
P02289,1172.0
P03202,1172.0
P01769,1171.5
P03751,1171.5
P00257,1171.5
P02682,1171.5
P00174,1171.5
P01907,1171.5
P02463,1171.0
P00889,1171.0
P03640,1171.0
P01571,1170.5
P03135,1170.5
P03111,1170.0
P01506,1170.0
P02165,1170.0
P01725,1169.5
P01254,1169.5
P01517,1169.5
P00420,1169.5
P02748,1169.5
P04565,1169.0
P02148,1169.0
P02018,1168.5
P02025,1168.5
P03510,1168.5
P03038,1168.0
P04466,1168.0
P01734,1168.0
P03359,1168.0
P01659,1167.5
P01930,1167.5
P00494,1167.5
P03724,1167.5
P03899,1167.0
P04394,1166.5
P01494,1166.5
P01400,1166.0
P01015,1166.0
P02107,1166.0
P02770,1166.0
P04174,1166.0
P02846,1166.0
P02232,1165.5
P00069,1165.5
P03095,1165.5
P04222,1165.5
P00326,1165.5
P00166,1165.5
P00175,1165.5
P03567,1165.0
P01485,1165.0
P00334,1165.0
P00364,1165.0
P04401,1165.0
P00482,1164.5
P03105,1164.5
P03419,1164.5
P02166,1164.5
P03572,1164.5
P01263,1164.5
P03969,1164.0
P02652,1164.0
P01390,1164.0
P01146,1164.0
P04583,1163.5
P01544,1163.5
P00924,1163.0
P00140,1163.0
P01823,1163.0
P04420,1162.5
P00467,1162.0
P02954,1162.0
P01531,1161.5
P03610,1161.5
P03725,1161.5
P03717,1161.5
P00244,1161.5
P03699,1161.0
P02613,1160.5
P00426,1160.5
P02168,1160.5
P02544,1160.0
P03397,1160.0
P02549,1160.0
P01859,1160.0
P00659,1159.5
P00526,1159.5
P04449,1159.5
P04802,1159.0
P04677,1159.0
P02288,1159.0
P03972,1159.0
P02934,1159.0
P03343,1159.0
P00421,1158.5
P02961,1158.5
P02396,1158.0
P03669,1158.0
P03446,1158.0
P01965,1158.0
P00425,1158.0
P00097,1157.5
P00711,1157.5
P00966,1157.5
P02451,1157.5
P00623,1157.5
P03538,1157.0
P00838,1157.0
P00874,1157.0
P00783,1157.0
P02743,1157.0
P04553,1157.0
P03764,1157.0
P04471,1157.0
P04391,1156.5
P03926,1156.5
P02502,1156.5
P02550,1156.5
P03207,1156.5
P04426,1156.5
P04877,1156.0
P03946,1156.0
P01295,1155.5
P03885,1155.5
P02792,1155.5
P03163,1155.0
P03938,1154.5
P04681,1154.5
P00102,1154.5
P02005,1154.0
P04225,1154.0
P02030,1154.0
P02805,1153.5
P00020,1153.5
P01983,1153.5
P00507,1153.5
P03350,1153.0
P00833,1153.0
P04569,1153.0
P01389,1153.0
P03190,1152.5
P04732,1152.5
P02531,1152.5
P04227,1152.5
P01520,1152.0
P02709,1151.5
P04913,1151.5
P04249,1151.5
P04942,1151.5
P01529,1151.0
P02990,1151.0
P03966,1151.0
P04763,1150.5
P02387,1150.5
P02777,1150.5
P02412,1150.0
P01017,1150.0
P01687,1150.0
P01918,1150.0
P00412,1150.0
P04959,1150.0
P02907,1149.5
P00028,1149.5
P04064,1149.5
P04746,1149.0
P02466,1149.0
P04832,1149.0
P00977,1149.0
P02835,1149.0
P00386,1148.5
P00643,1148.0
P04087,1148.0
P01380,1147.5
P01128,1147.5
P04995,1147.0
P02660,1147.0
P00525,1147.0
P00224,1147.0
P01967,1146.5
P01343,1146.5
P04529,1146.0
P01327,1146.0
P00965,1146.0
P04074,1146.0
P02400,1145.5
P03509,1145.5
P03191,1145.0
P00900,1145.0
P02566,1145.0
P03527,1145.0
P01457,1145.0
P00504,1145.0
P04337,1144.5
P04110,1144.5
P01422,1144.0
P04244,1144.0
P02865,1143.5
P02225,1143.5
P00354,1143.5
P02871,1143.5
P03520,1143.0
P02949,1143.0
P04865,1142.5
P04780,1142.5
P01502,1142.5
P01217,1142.5
P00697,1142.5
P00034,1142.5
P03887,1142.0
P04545,1141.5
P01638,1141.0
P00601,1141.0
P04699,1141.0
P02311,1141.0
P02572,1141.0
P00222,1140.5
P00251,1140.0
P01569,1140.0
P04674,1140.0
P04985,1140.0
P03512,1139.5
P03214,1139.5
P00233,1139.0
P01097,1139.0
P01774,1139.0
P03148,1138.5
P01710,1138.5
P02021,1138.5
P04912,1138.5
P03438,1138.5
P02916,1138.5
P01135,1138.0
P02042,1138.0
P00437,1137.5
P04829,1137.5
P01122,1137.0
P01268,1137.0
P03045,1137.0
P03616,1136.5
P00120,1136.5
P00870,1136.5
P00001,1136.0
P03062,1136.0
P02059,1136.0
P01236,1135.5
P00369,1135.5
P03747,1135.5
P01563,1135.5
P03061,1135.5
P01488,1135.5
P03708,1135.0
P01118,1135.0
P00648,1134.0
P01680,1134.0
P00992,1134.0
P02216,1133.5
P02026,1133.0
P04140,1132.5
P01266,1132.5
P01516,1132.0
P01303,1132.0
P01576,1132.0
P00086,1131.5
P00654,1131.5
P00451,1131.5
P03159,1131.5
P02930,1131.5
P02075,1131.5
P01341,1131.0
P01193,1131.0
P04703,1131.0
P01230,1131.0
P02321,1130.5
P01340,1130.5
P04542,1130.5
P00652,1130.5
P02552,1130.5
P00029,1130.0
P02320,1130.0
P04084,1129.5
P00738,1129.5
P01491,1129.0
P04465,1129.0
P03178,1129.0
P00927,1129.0
P03659,1128.5
P03194,1128.5
P00469,1128.5
P03790,1128.0
P01541,1128.0
P02633,1128.0
P03027,1128.0
P01865,1128.0
P04823,1127.5
P03574,1127.5
P03540,1127.5
P00138,1127.5
P04608,1127.0
P03386,1126.5
P04605,1126.5
P01448,1126.0
P00349,1125.5
P03722,1125.5
P01627,1125.5
P00972,1125.5
P02045,1125.0
P03857,1125.0
P01497,1125.0
P03555,1125.0
P01242,1125.0
P00915,1125.0
P04615,1124.5
P03130,1124.5
P03236,1124.5
P00551,1124.5
P01322,1124.0
P03860,1124.0
P04149,1124.0
P02383,1124.0
P03473,1123.5
P01643,1123.5
P01293,1123.0
P03593,1123.0
P00990,1123.0
P02361,1123.0
P02352,1122.5
P01044,1122.5
P04289,1122.5
P01288,1122.0
P04958,1122.0
P00297,1122.0
P02982,1121.5
P03739,1121.5
P04806,1121.5
P04537,1121.5
P03493,1121.5
P04745,1121.0
P03340,1121.0
P04907,1121.0
P03941,1121.0
P04024,1121.0
P00896,1121.0
P01742,1121.0
P02265,1120.5
P00846,1120.5
P00484,1120.5
P03922,1120.5
P02126,1120.5
P04937,1120.5
P00821,1120.5
P04894,1120.5
P04301,1120.0
P01342,1120.0
P03229,1120.0
P00614,1120.0
P02296,1120.0
P01415,1120.0
P04651,1120.0
P02524,1119.5
P03383,1119.0
P00817,1119.0
P01382,1119.0
P02519,1119.0
P03065,1119.0
P04250,1119.0
P04057,1118.5
P01472,1118.5
P04123,1118.5
P01990,1118.5
P01772,1118.5
P02638,1118.0
P01681,1118.0
P02403,1118.0
P03707,1118.0
P00150,1117.5
P01402,1117.5
P02435,1117.5
P02397,1117.0
P01513,1117.0
P03173,1117.0
P00822,1117.0
P04119,1116.5
P01279,1116.5
P01336,1116.5
P02683,1116.5
P00824,1116.0
P02771,1116.0
P02539,1116.0
P01387,1116.0
P04845,1116.0
P01630,1116.0
P04779,1116.0
P02718,1116.0
P03743,1116.0
P02348,1115.5
P03171,1115.5
P01037,1115.5
P01420,1115.0
P00664,1115.0
P04033,1115.0
P02172,1115.0
P01879,1114.5
P01392,1114.5
P00704,1114.5
P02193,1114.5
P01021,1114.0
P00984,1114.0
P03756,1113.5
P01546,1113.5
P04142,1113.0
P00058,1113.0
P04348,1113.0
P03287,1112.5
P02690,1112.0
P00388,1112.0
P00606,1112.0
P00452,1112.0
P04488,1112.0
P04052,1112.0
P00258,1111.5
P00470,1111.5
P03754,1111.0
P01499,1111.0
P03918,1111.0
P02438,1110.5
P01314,1110.5
P03185,1110.0
P00338,1109.5
P04329,1109.5
P00638,1109.0
P02039,1109.0
P02138,1108.5
P00633,1108.5
P04134,1108.0
P04648,1108.0
P01605,1107.5
P01076,1107.5
P03431,1107.0
P00235,1107.0
P04133,1107.0
P04950,1107.0
P03370,1106.0
P03460,1106.0
P00182,1106.0
P03401,1105.5
P03054,1105.5
P01112,1105.5
P02453,1105.0
P02807,1105.0
P04342,1105.0
P02297,1104.5
P02202,1104.5
P02518,1104.5
P02473,1104.5
P00787,1104.5
P02414,1104.0
P00170,1104.0
P00731,1104.0
P00605,1104.0
P02687,1104.0
P02547,1104.0
P03165,1104.0
P00061,1103.5
P00113,1103.5
P04094,1103.5
P00124,1103.0
P01870,1103.0
P03072,1103.0
P04947,1103.0
P00023,1102.5
P04571,1102.5
P04056,1102.5
P02918,1102.5
P04192,1102.5
P03556,1102.5
P01065,1102.0
P02497,1102.0
P01324,1102.0
P02220,1101.5
P04415,1101.5
P00062,1101.5
P00373,1101.0
P02145,1101.0
P00628,1100.5
P03728,1100.5
P03233,1100.5
P01455,1100.5
P00262,1100.5
P02981,1100.0
P03840,1100.0
P02515,1100.0
P04484,1100.0
P00398,1100.0
P04439,1099.0
P01034,1099.0
P00743,1098.5
P04618,1098.5
P00137,1098.5
P00007,1098.0
P00716,1098.0
P02617,1097.5
P03828,1097.5
P03995,1097.5
P02191,1097.5
P01309,1097.0
P04176,1097.0
P03732,1097.0
P04710,1097.0
P04922,1097.0
P02407,1097.0
P04353,1097.0
P02207,1097.0
P04853,1096.5
P00343,1096.5
P00486,1096.5
P02998,1096.0
P03841,1096.0
P02546,1096.0
P01282,1096.0
P04082,1096.0
P01756,1095.5
P04028,1095.5
P00149,1095.0
P03368,1095.0
P03474,1095.0
P01447,1095.0
P04031,1094.5
P04665,1094.5
P02478,1094.0
P03795,1094.0
P01225,1094.0
P01262,1093.5
P02184,1093.0
P01737,1093.0
P02529,1092.5
P04328,1092.5
P00438,1092.5
P00733,1092.5
P02409,1092.5
P02460,1092.5
P04965,1092.0
P02590,1092.0
P04373,1092.0
P04546,1092.0
P03898,1092.0
P00015,1091.5
P04822,1091.5
P00214,1091.5
P04077,1091.5
P04273,1091.5
P04555,1091.5
P02874,1091.0
P02643,1091.0
P00457,1091.0
P01379,1091.0
P03094,1091.0
P04160,1091.0
P02140,1090.5
P04269,1090.5
P03901,1090.0
P04788,1090.0
P00530,1090.0
P01998,1090.0
P04785,1089.5
P01500,1089.5
P04857,1089.5
P00356,1089.5
P00674,1089.0
P01091,1089.0
P03606,1089.0
P03089,1089.0
P00213,1089.0
P00319,1088.5
P01819,1088.5
P03821,1088.5
P03847,1088.5
P00843,1088.0
P04378,1088.0
P03249,1088.0
P02803,1087.5
P03632,1087.0
P01358,1087.0
P01329,1087.0
P03162,1087.0
P02844,1086.5
P01453,1086.0
P01378,1086.0
P01536,1086.0
P04782,1085.5
P04831,1085.5
P01328,1085.0
P03292,1084.5
P02142,1084.5
P03973,1084.5
P02391,1084.5
P03793,1084.5
P01461,1084.0
P04543,1084.0
P04517,1084.0
P03895,1084.0
P04533,1083.5
P01498,1083.0
P01306,1083.0
P03121,1083.0
P04712,1082.5
P02242,1082.5
P01258,1082.5
P00488,1082.5
P02927,1082.5
P03554,1082.5
P02647,1082.0
P01296,1082.0
P01093,1082.0
P03275,1081.0
P03262,1081.0
P04645,1081.0
P04178,1081.0
P01188,1081.0
P04778,1080.5
P04717,1080.5
P03445,1080.5
P02458,1080.5
P03537,1080.5
P03310,1080.0
P01631,1080.0
P04579,1080.0
P03348,1080.0
P00970,1079.5
P01855,1079.0
P02178,1079.0
P01974,1079.0
P00980,1078.5
P04673,1078.5
P01708,1078.0
P02095,1078.0
P03024,1078.0
P02082,1077.5
P02127,1077.5
P03774,1077.5
P04277,1077.5
P01337,1077.5
P03086,1077.5
P03060,1077.0
P00178,1077.0
P00194,1077.0
P04726,1076.5
P00118,1076.5
P03550,1076.5
P04044,1076.0
P04518,1076.0
P02649,1075.5
P04278,1075.5
P04924,1075.5
P00923,1075.5
P02733,1075.5
P04731,1075.5
P03253,1075.0
P01690,1075.0
P00747,1075.0
P04749,1075.0
P00670,1074.5
P03678,1074.5
P04051,1074.5
P00331,1074.5
P04325,1074.5
P01961,1074.5
P04265,1074.5
P04366,1074.5
P00540,1074.0
P01063,1074.0
P01277,1074.0
P00655,1074.0
P02820,1073.5
P01080,1073.5
P04621,1073.5
P04129,1073.0
P02929,1073.0
P04255,1073.0
P02485,1073.0
P02836,1073.0
P00665,1072.5
P00119,1072.5
P04234,1072.5
P00634,1072.5
P04296,1072.0
P04796,1072.0
P04630,1072.0
P01534,1072.0
P00056,1071.5
P02627,1071.5
P03884,1071.5
P04735,1071.5
P02608,1071.5
P00371,1071.5
P00751,1071.5
P03962,1071.0
P03882,1071.0
P03815,1071.0
P01029,1071.0
P03691,1071.0
P00795,1070.5
P03109,1070.5
P02774,1070.5
P00726,1070.0
P03668,1070.0
P03661,1070.0
P01761,1069.5
P01078,1069.5
P01255,1069.0
P01161,1069.0
P04487,1069.0
P00313,1069.0
P03122,1068.5
P00533,1068.5
P03029,1068.5
P00597,1068.5
P01315,1068.5
P01462,1068.5
P02094,1068.0
P03448,1068.0
P01177,1068.0
P00048,1068.0
P02424,1067.5
P01294,1067.5
P01787,1067.5
P01056,1067.0
P04186,1067.0
P01593,1067.0
P03903,1067.0
P03953,1067.0
P02810,1066.5
P02823,1066.5
P01570,1066.5
P01518,1066.5
P04445,1066.0
P01357,1066.0
P02493,1066.0
P02316,1065.5
P03225,1065.5
P01713,1065.5
P02843,1065.0
P04528,1065.0
P01085,1065.0
P00669,1065.0
P01449,1065.0
P01054,1065.0
P01538,1064.5
P04429,1064.5
P04531,1064.5
P04356,1064.0
P02757,1064.0
P01413,1064.0
P04512,1063.5
P01871,1063.0
P02270,1062.5
P04692,1062.5
P02209,1062.5
P04859,1062.5
P04748,1062.5
P03872,1062.0
P02568,1062.0
P04481,1062.0
P02980,1061.5
P01832,1061.5
P02578,1061.5
P03582,1061.0
P03534,1061.0
P01102,1061.0
P01284,1060.5
P04795,1060.5
P03731,1060.5
P03328,1060.5
P03108,1060.0
P01286,1060.0
P03591,1060.0
P02080,1060.0
P04819,1060.0
P01733,1059.5
P00017,1059.5
P02468,1059.5
P04483,1059.5
P02029,1059.5
P00687,1059.5
P01842,1059.0
P02368,1059.0
P00125,1059.0
P01553,1059.0
P00920,1058.5
P04522,1058.0
P02737,1058.0
P04839,1058.0
P03981,1058.0
P01673,1057.5
P04510,1057.0
P01136,1057.0
P04841,1056.5
P00144,1056.5
P02641,1056.5
P03021,1056.5
P00933,1056.0
P03920,1056.0
P03055,1055.0
P01121,1054.5
P02004,1054.5
P01483,1054.0
P03480,1054.0
P03335,1053.5
P00905,1053.5
P01970,1053.5
P01149,1053.0
P01515,1053.0
P01641,1052.5
P01446,1052.5
P01701,1052.5
P01533,1052.0
P01170,1052.0
P04503,1052.0
P00515,1052.0
P01908,1052.0
P02327,1052.0
P01697,1051.5
P00625,1051.0
P02362,1051.0
P01503,1050.0
P03097,1050.0
P01148,1049.5
P03001,1049.5
P04304,1049.0
P02002,1048.5
P04154,1048.5
P01562,1048.0
P04840,1048.0
P02941,1048.0
P00954,1048.0
P00310,1048.0
P03436,1048.0
P01618,1048.0
P02415,1047.5
P04910,1047.5
P00463,1047.5
P02261,1047.5
P00227,1047.0
P04425,1047.0
P03825,1047.0
P03924,1047.0
P03145,1047.0
P01172,1046.5
P03093,1046.5
P02150,1046.5
P04213,1046.5
P02182,1046.0
P01588,1046.0
P01006,1046.0
P01013,1045.5
P00632,1045.5
P01208,1045.5
P01984,1045.5
P00506,1045.0
P04095,1045.0
P00591,1044.5
P01176,1044.5
P04112,1044.5
P04402,1044.5
P04196,1044.5
P01199,1044.5
P04299,1044.5
P04354,1044.5
P04014,1044.5
P04293,1044.0
P02462,1044.0
P00929,1044.0
P00971,1044.0
P01770,1044.0
P02678,1044.0
P01745,1043.5
P01802,1043.5
P01724,1043.5
P00133,1043.5
P01169,1043.5
P04126,1043.5
P03204,1043.0
P02419,1042.5
P03320,1042.5
P01081,1042.5
P00532,1042.5
P01229,1042.0
P04345,1042.0
P03462,1042.0
P03949,1041.5
P01672,1041.5
P02402,1041.5
P00167,1041.5
P00159,1041.5
P00561,1041.0
P02594,1041.0
P03856,1041.0
P03168,1041.0
P04468,1040.5
P00129,1040.5
P01174,1040.5
P01875,1040.0
P01973,1040.0
P00295,1040.0
P01978,1039.5
P00328,1039.5
P02689,1039.5
P03268,1039.0
P02390,1039.0
P00881,1039.0
P00161,1039.0
P02965,1039.0
P00464,1038.5
P00448,1038.5
P00527,1038.5
P03107,1038.0
P02503,1038.0
P00499,1038.0
P00957,1038.0
P00523,1037.5
P01525,1037.5
P00811,1037.5
P02440,1037.5
P04625,1037.0
P02001,1037.0
P01775,1036.5
P02751,1036.5
P01744,1036.5
P02530,1036.5
P00218,1036.5
P03226,1036.0
P02933,1035.5
P01041,1035.5
P01313,1035.0
P04297,1035.0
P01036,1035.0
P03147,1035.0
P02027,1035.0
P03647,1034.5
P02260,1034.5
P04433,1034.5
P01421,1034.5
P00010,1034.5
P00047,1034.5
P03313,1034.0
P03929,1034.0
P02765,1034.0
P01557,1034.0
P02926,1033.5
P02016,1033.5
P03083,1033.0
P00286,1033.0
P01633,1033.0
P04764,1033.0
P04936,1033.0
P03576,1032.5
P03382,1032.5
P00702,1032.5
P01568,1032.5
P04747,1032.0
P01806,1032.0
P02319,1031.5
P00112,1031.5
P02636,1031.0
P03607,1031.0
P02821,1031.0
P03952,1030.5
P01790,1030.5
P00491,1030.5
P04655,1030.5
P02945,1030.5
P01792,1030.5
P02966,1030.0
P02452,1030.0
P04283,1030.0
P00228,1030.0
P01283,1029.5
P04502,1029.5
P04511,1029.5
P04200,1029.0
P03843,1029.0
P02049,1029.0
P02744,1029.0
P03525,1028.5
P03642,1028.5
P01820,1028.0
P03102,1027.5
P00308,1027.5
P00493,1027.5
P01043,1027.5
P02675,1027.0
P01087,1027.0
P01344,1027.0
P01906,1027.0
P00195,1026.5
P01205,1026.5
P00186,1026.5
P01291,1026.5
P02254,1026.5
P04725,1026.5
P04885,1026.5
P03970,1026.0
P01223,1026.0
P00080,1025.5
P02116,1025.5
P03568,1025.5
P03351,1025.5
P00342,1025.0
P02089,1025.0
P02489,1025.0
P02246,1025.0
P04631,1024.5
P01204,1024.5
P00424,1024.5
P03298,1024.5
P04821,1024.0
P02656,1024.0
P00260,1024.0
P01925,1024.0
P02461,1024.0
P02228,1024.0
P04563,1023.5
P04447,1023.5
P02436,1023.0
P02287,1023.0
P00763,1022.5
P03999,1022.5
P03036,1022.5
P02783,1022.5
P04268,1022.5
P03341,1022.5
P03247,1022.5
P04774,1022.0
P03307,1022.0
P03183,1022.0
P02360,1022.0
P02044,1021.5
P04828,1021.5
P04004,1021.5
P04172,1021.5
P03621,1021.0
P02481,1021.0
P04762,1020.5
P03788,1020.5
P00994,1020.0
P03387,1020.0
P02472,1020.0
P00362,1020.0
P04574,1019.5
P02878,1019.5
P03508,1019.5
P03007,1019.5
P04743,1019.5
P04290,1019.0
P01333,1019.0
P00294,1019.0
P01778,1019.0
P03000,1018.5
P00898,1018.5
P02233,1017.5
P00353,1017.5
P04549,1017.5
P04993,1017.5
P02256,1017.0
P04281,1017.0
P04771,1017.0
P03960,1017.0
P01942,1016.5
P00568,1016.5
P03770,1016.5
P04594,1016.5
P03539,1016.5
P04073,1016.5
P03634,1016.5
P04643,1016.5
P00562,1016.0
P02618,1016.0
P03058,1016.0
P00219,1016.0
P00745,1016.0
P04598,1015.5
P00223,1015.5
P00394,1015.5
P04270,1015.0
P02135,1015.0
P00077,1014.5
P04523,1014.5
P02359,1014.5
P01717,1014.5
P04624,1014.5
P00268,1014.5
P00662,1014.5
P04702,1014.5
P04257,1014.5
P03916,1014.5
P03269,1014.0
P03447,1014.0
P00413,1014.0
P04919,1014.0
P01807,1014.0
P02330,1013.5
P02354,1013.5
P04489,1013.5
P00179,1013.5
P03757,1013.5
P01071,1013.0
P01766,1013.0
P00385,1013.0
P00906,1013.0
P03078,1012.5
P01130,1011.5
P01702,1011.5
P01580,1011.5
P01150,1011.5
P02132,1011.5
P04139,1011.5
P00435,1011.5
P00270,1011.0
P00925,1011.0
P00710,1011.0
P00699,1011.0
P00026,1011.0
P00204,1010.5
P03535,1010.5
P04850,1010.0
P00604,1010.0
P03737,1010.0
P03543,1009.5
P01670,1009.0
P02434,1008.5
P04689,1008.5
P00439,1008.5
P03441,1008.5
P04005,1008.5
P04322,1007.5
P04938,1006.5
P03566,1006.5
P03544,1006.5
P00548,1006.5
P04740,1006.5
P04228,1006.0
P03413,1006.0
P03017,1006.0
P03344,1006.0
P01891,1005.5
P02399,1005.5
P03716,1005.5
P01971,1005.0
P02508,1005.0
P01308,1005.0
P04963,1005.0
P02470,1005.0
P03312,1005.0
P00363,1005.0
P01465,1005.0
P04968,1005.0
P03011,1005.0
P02077,1004.5
P00969,1004.5
P04987,1004.0
P02102,1004.0
P03976,1004.0
P04622,1003.5
P02582,1003.5
P03587,1003.5
P00677,1003.5
P00718,1003.5
P02886,1003.5
P00173,1003.0
P02506,1003.0
P04755,1003.0
P04544,1003.0
P01646,1002.5
P02476,1002.0
P03833,1002.0
P03772,1002.0
P02955,1002.0
P01471,1002.0
P04815,1001.5
P01551,1001.5
P02696,1001.5
P02533,1001.5
P03429,1001.5
P03730,1001.5
P01698,1001.0
P02051,1001.0
P04672,1001.0
P00775,1000.5
P00579,1000.5
P04294,1000.5
P02291,1000.5
P00106,1000.5
P03805,1000.0
P01198,1000.0
P04096,1000.0
P03117,1000.0
P02996,999.5
P02353,999.5
P02110,999.5
P03562,999.5
P03254,999.0
P02048,999.0
P00522,998.5
P04435,998.5
P04866,998.5
P02096,998.5
P00475,998.5
P00057,998.0
P02253,998.0
P01260,998.0
P04388,997.0
P04923,997.0
P02393,996.5
P02727,996.5
P00834,996.5
P02441,996.5
P03515,996.0
P04620,996.0
P00742,996.0
P02405,996.0
P04991,995.5
P00283,995.5
P01201,995.5
P00336,995.0
P03096,995.0
P01103,995.0
P02264,994.5
P04652,994.5
P02809,994.5
P00585,994.5
P00660,994.0
P04860,994.0
P00627,994.0
P03443,994.0
P04131,993.5
P00916,993.5
P01098,993.5
P04205,993.0
P01055,993.0
P00991,993.0
P03617,993.0
P00042,992.5
P02736,992.5
P03958,992.5
P03398,992.5
P01619,992.0
P00157,992.0
P02504,991.5
P04697,991.5
P04276,991.5
P02517,991.5
P01022,991.5
P00871,991.5
P01105,991.0
P00043,991.0
P01489,991.0
P04396,991.0
P00355,991.0
P01637,990.5
P03851,990.5
P00226,990.5
P04207,990.5
P04405,990.5
P01801,990.0
P01321,990.0
P04141,990.0
P01751,990.0
P01436,990.0
P04928,989.5
P03042,989.5
P00607,989.5
P02876,989.5
P03425,989.5
P01578,989.0
P01507,989.0
P03868,989.0
P02975,989.0
P04369,988.5
P00931,988.5
P01816,988.5
P04007,988.0
P03388,988.0
P03090,988.0
P02012,988.0
P01132,988.0
P04973,988.0
P03524,987.5
P03075,987.5
P01192,987.5
P01771,987.5
P04090,987.5
P03030,987.0
P01714,987.0
P00348,987.0
P03222,987.0
P00480,986.5
P00274,986.5
P03870,986.5
P04908,986.0
P01061,986.0
P01438,986.0
P02183,986.0
P02418,986.0
P03615,986.0
P02159,985.5
P00709,985.5
P01666,985.5
P02673,985.5
P03907,985.5
P00682,985.0
P04526,985.0
P00031,985.0
P01889,984.5
P02139,984.5
P01693,984.5
P02680,984.5
P02010,984.0
P04914,984.0
P01026,984.0
P03454,984.0
P04030,983.5
P02147,983.5
P01915,983.5
P01224,983.0
P02784,983.0
P02245,983.0
P03221,982.5
P02932,982.5
P04933,982.5
P00841,982.5
P04508,982.0
P01878,982.0
P02609,982.0
P01281,982.0
P02588,982.0
P03649,982.0
P03749,982.0
P00135,981.5
P01300,981.5
P03009,981.0
P03499,981.0
P03937,980.5
P00630,980.5
P00873,980.5
P00880,980.5
P00255,980.5
P02282,980.5
P04772,980.5
P02602,980.0
P01393,980.0
P03502,980.0
P03715,980.0
P00164,980.0
P00792,979.5
P00240,979.5
P02967,979.5
P02437,979.0
P00009,979.0
P00142,979.0
P03812,979.0
P01657,979.0
P02324,979.0
P00772,978.5
P02011,978.5
P01996,978.5
P03776,978.5
P04338,978.0
P00904,978.0
P00264,978.0
P04383,978.0
P04536,977.5
P04409,977.5
P00382,977.0
P01023,977.0
P01007,977.0
P03137,977.0
P01316,977.0
P02759,977.0
P04336,977.0
P02814,976.5
P02654,976.5
P01100,976.5
P02195,976.0
P00770,976.0
P03369,975.5
P03352,975.5
P01458,975.5
P01440,975.5
P03834,975.5
P03955,975.0
P04347,975.0
P04895,975.0
P01508,975.0
P01267,974.5
P03819,974.5
P04183,974.5
P04952,974.0
P03475,974.0
P02099,974.0
P04397,973.5
P00689,973.5
P02056,973.5
P00359,973.5
P04719,973.5
P00505,973.0
P02278,973.0
P04266,973.0
P01346,973.0
P03396,972.5
P03553,972.5
P01239,972.5
P00650,972.5
P02561,972.5
P01129,972.0
P01607,971.5
P01853,971.5
P01414,971.0
P02671,971.0
P00740,971.0
P02838,971.0
P04473,971.0
P00231,971.0
P05000,970.5
P00279,970.5
P04921,970.5
P01749,970.5
P04626,970.5
P04751,970.5
P01854,970.5
P03720,970.5
P03677,970.0
P03041,970.0
P00730,969.5
P01669,969.5
P01070,969.5
P02910,969.5
P03156,969.0
P04830,969.0
P04434,969.0
P00573,968.5
P04935,968.5
P01042,968.5
P00950,968.0
P01028,968.0
P02223,968.0
P04833,968.0
P01238,967.5
P00256,967.5
P00774,967.5
P00483,967.5
P01493,967.5
P00806,967.5
P01195,967.5
P00582,967.0
P01079,967.0
P00290,967.0
P04419,966.5
P02712,966.5
P01151,966.5
P01606,966.5
P01330,966.5
P03297,966.5
P03361,966.0
P02532,966.0
P01425,966.0
P04893,966.0
P04410,965.5
P00848,965.5
P01899,965.5
P03133,965.5
P00608,965.5
P03404,965.5
P00520,965.5
P02779,965.0
P00490,965.0
P03402,965.0
P02199,965.0
P00987,965.0
P00381,965.0
P04765,964.5
P04058,964.5
P04470,964.5
P00090,964.5
P03685,964.5
P04609,964.0
P02336,964.0
P03671,964.0
P01431,963.5
P04723,963.5
P01661,963.5
P00550,963.5
P03589,963.5
P00700,963.5
P03705,963.0
P03985,963.0
P00374,963.0
P03577,963.0
P04849,963.0
P00432,962.5
P03804,962.5
P04683,962.0
P02420,962.0
P03994,962.0
P03849,962.0
P03977,962.0
P03928,962.0
P04127,961.5
P00691,961.0
P02379,961.0
P04049,960.5
P04868,960.5
P03874,960.0
P03503,959.5
P02358,959.5
P01040,959.5
P04862,959.5
P02163,959.0
P01038,959.0
P03325,959.0
P03808,959.0
P02243,959.0
P02250,958.5
P01197,958.5
P02631,958.5
P03374,958.5
P01559,958.5
P01923,958.5
P03056,958.5
P03010,958.5
P04500,958.0
P04349,958.0
P02750,957.5
P00875,957.5
P04658,957.5
P02960,957.5
P00656,957.0
P01511,957.0
P00554,957.0
P01884,957.0
P02768,957.0
P00298,957.0
P04122,957.0
P00922,956.5
P01426,956.5
P02841,956.5
P04340,956.5
P02445,956.0
P02583,956.0
P04251,956.0
P00988,956.0
P04460,955.5
P04180,955.5
P03644,955.0
P01999,955.0
P00839,955.0
P01603,955.0
P02448,955.0
P02510,955.0
P02847,955.0
P03240,955.0
P00188,955.0
P03586,955.0
P01219,955.0
P01067,954.5
P03690,954.5
P00962,954.5
P00729,954.5
P04062,954.5
P00165,954.0
P01240,954.0
P03601,954.0
P02828,954.0
P03119,953.5
P03854,953.5
P03378,953.5
P03491,953.5
P00403,953.5
P00383,953.5
P03482,953.0
P02849,952.5
P04809,952.5
P04145,952.5
P01092,952.5
P00782,952.0
P01374,952.0
P03358,952.0
P01417,952.0
P02719,952.0
P02500,951.5
P00602,951.5
P03356,951.5
P02997,951.5
P01668,951.5
P04881,951.5
P02357,951.5
P02851,951.0
P02380,951.0
P02728,951.0
P03284,951.0
P02971,951.0
P04386,950.5
P00312,950.5
P00529,950.5
P02944,950.5
P01542,950.5
P01873,950.0
P00635,950.0
P03557,950.0
P04455,950.0
P01428,950.0
P04016,949.5
P02614,949.5
P01386,949.5
P03237,949.5
P00300,949.0
P00510,949.0
P01634,948.5
P04232,948.5
P03186,948.5
P01278,948.5
P01228,948.5
P00207,948.5
P04418,948.5
P02376,948.0
P00617,948.0
P00067,948.0
P03646,947.5
P03066,947.5
P02901,947.0
P00619,947.0
P04633,947.0
P00764,947.0
P03230,947.0
P02247,946.5
P01427,946.5
P03590,946.5
P01851,946.5
P04208,946.0
P00502,945.5
P04967,945.5
P01077,945.5
P01058,945.5
P01311,945.5
P02610,945.0
P04650,945.0
P03188,945.0
P00594,945.0
P01706,944.5
P03760,944.5
P02664,944.5
P01181,944.5
P00567,944.0
P03718,944.0
P02167,944.0
P00741,944.0
P04211,944.0
P01270,944.0
P04291,944.0
P00436,943.5
P04088,943.5
P03004,943.0
P02275,943.0
P02058,943.0
P02131,942.5
P00005,942.5
P00997,942.0
P02591,942.0
P00918,942.0
P01072,942.0
P03713,941.5
P03983,941.5
P04271,941.5
P00986,941.0
P03622,941.0
P03910,941.0
P01567,940.5
P01435,940.5
P01527,940.5
P02442,940.0
P00434,940.0
P02073,940.0
P04475,940.0
P03791,940.0
P01881,940.0
P00618,940.0
P03428,939.5
P00640,939.5
P01444,939.5
P00612,938.5
P01986,938.5
P02186,938.5
P04835,938.0
P01989,938.0
P04118,938.0
P04376,938.0
P04547,937.5
P02946,937.0
P02714,937.0
P01636,937.0
P01815,937.0
P02732,937.0
P03286,936.5
P01450,936.5
P00886,936.5
P01850,936.0
P03618,936.0
P01233,936.0
P00836,935.5
P03138,935.5
P00595,935.5
P03059,935.5
P03271,935.5
P02704,935.5
P02938,935.0
P01686,935.0
P02999,934.5
P00723,934.5
P02658,934.5
P00779,934.5
P03154,934.5
P02893,934.5
P01144,934.5
P00068,934.0
P03635,934.0
P04532,934.0
P02688,933.5
P03908,933.5
P03579,933.5
P01407,933.5
P00545,933.5
P01833,933.0
P01251,933.0
P03880,932.5
P04385,932.5
P03950,932.5
P00247,932.0
P01844,932.0
P00715,932.0
P01543,932.0
P00400,932.0
P03421,931.5
P00734,931.5
P02085,931.5
P00934,931.0
P02898,931.0
P00592,931.0
P01545,931.0
P01644,931.0
P00732,930.5
P04641,930.5
P00280,930.5
P03742,930.0
P00302,930.0
P00497,930.0
P02257,929.5
P02605,929.5
P03726,929.5
P03384,929.5
P01088,929.5
P03803,929.5
P04022,929.5
P03080,929.5
P01454,929.0
P04011,929.0
P01914,929.0
P02205,929.0
P02661,928.5
P03479,928.5
P00019,928.5
P01719,928.5
P02103,928.5
P04114,928.5
P00521,928.5
P04948,928.5
P04327,928.0
P02726,928.0
P00465,928.0
P00910,927.5
P01932,927.5
P03301,927.0
P03636,927.0
P03411,927.0
P03975,927.0
P02839,926.5
P03904,926.5
P01798,926.5
P01301,926.5
P00749,926.0
P03863,926.0
P04920,925.5
P04444,925.5
P01656,925.5
P02006,925.5
P03709,925.0
P02845,924.5
P03430,924.5
P00853,924.5
P00091,924.5
P00335,924.5
P04867,924.5
P02939,924.5
P04880,924.5
P04756,924.5
P04775,924.5
P02208,924.0
P03746,923.5
P03073,923.5
P03044,923.5
P02924,923.5
P02467,923.5
P01399,923.5
P00696,923.5
P04875,923.0
P00531,923.0
P01163,922.5
P00116,922.5
P00553,922.5
P04705,922.0
P03842,922.0
P02897,922.0
P03944,922.0
P02340,921.5
P02337,921.5
P00737,921.5
P03033,921.5
P02155,921.0
P00128,921.0
P03886,921.0
P02888,921.0
P03596,920.5
P04214,920.5
P01492,920.5
P04939,920.0
P04313,920.0
P04360,919.5
P03106,919.5
P04120,919.5
P01691,919.0
P01137,919.0
P03775,919.0
P03390,919.0
P03332,918.5
P00975,918.5
P03157,918.5
P04083,918.5
P02475,918.0
P02054,918.0
P03040,918.0
P04101,918.0
P00071,918.0
P03394,917.5
P01564,917.5
P03777,917.5
P01317,917.5
P04113,917.5
P01285,917.5
P03144,917.0
P02133,917.0
P01912,917.0
P02579,917.0
P00225,916.5
P01886,916.5
P04399,916.0
P02788,916.0
P04926,916.0
P02328,916.0
P00921,916.0
P04654,915.5
P02796,915.5
P02659,915.0
P00790,915.0
P00147,915.0
P04258,915.0
P01218,915.0
P04229,915.0
P01265,914.5
P01781,914.5
P01154,914.5
P01401,914.5
P00232,914.0
P00661,914.0
P04361,914.0
P02738,914.0
P02179,913.5
P03817,913.5
P02864,913.5
P00827,913.5
P00813,913.5
P04217,913.0
P03363,913.0
P01949,913.0
P04685,913.0
P03619,913.0
P01074,912.5
P00596,912.5
P02090,912.5
P04253,912.5
P03315,912.0
P00246,912.0
P03216,912.0
P00668,912.0
P01068,912.0
P01274,911.5
P01027,911.5
P04573,911.5
P00928,911.5
P01954,911.0
P03736,911.0
P02555,911.0
P03625,910.0
P03427,910.0
P04492,910.0
P04578,909.5
P01423,909.5
P00808,909.0
P01848,908.5
P00126,908.0
P02512,908.0
P04999,908.0
P02829,908.0
P01652,908.0
P03501,908.0
P01847,907.5
P03638,907.0
P04623,907.0
P03888,907.0
P02455,907.0
P02490,907.0
P04766,906.5
P03235,906.5
P02699,906.5
P03151,906.5
P03085,906.5
P04446,906.0
P03878,906.0
P04519,906.0
P00136,906.0
P00460,906.0
P02003,906.0
P04150,905.5
P02369,905.5
P03604,905.5
P03217,905.5
P03626,905.5
P02443,905.5
P01566,905.0
P00172,905.0
P04953,904.5
P00449,904.5
P02201,904.5
P01785,904.5
P03476,904.5
P01858,904.5
P04810,904.0
P04896,904.0
P02936,904.0
P03281,904.0
P02302,903.5
P02713,903.5
P03124,903.5
P02826,903.5
P03193,903.5
P03583,903.0
P01214,903.0
P03232,903.0
P03762,903.0
P03483,903.0
P04957,903.0
P02978,903.0
P00831,903.0
P00799,902.5
P00563,902.0
P02041,902.0
P00158,902.0
P00698,902.0
P03400,902.0
P01366,901.5
P02947,901.5
P00473,901.5
P01976,901.5
P00673,901.0
P03081,901.0
P01032,901.0
P01039,900.5
P00672,900.5
P04457,900.0
P00825,900.0
P00317,899.5
P01590,899.0
P01501,899.0
P00462,899.0
P02840,898.5
P00812,898.5
P04879,898.5
P02763,898.5
P02345,898.0
P04642,898.0
P02112,897.5
P04556,897.5
P02626,897.5
P01419,897.0
P04239,897.0
P01623,896.5
P00996,896.5
P02571,896.0
P01000,896.0
P04152,896.0
P01995,896.0
P02619,895.5
P00959,895.5
P04932,895.5
P04164,895.5
P03300,895.5
P04805,895.0
P04738,895.0
P03197,895.0
P03530,895.0
P04640,895.0
P01894,894.5
P03231,894.5
P02747,894.5
P04365,894.5
P04632,893.5
P01597,893.0
P04210,893.0
P01073,892.5
P00333,892.5
P02106,892.5
P02523,892.5
P02125,892.5
P01185,892.0
P03346,891.5
P00736,891.5
P02604,891.5
P04739,891.0
P00974,890.5
P04043,890.5
P04285,890.5
P00541,890.5
P01764,890.0
P00622,889.5
P00082,889.5
P01993,889.5
P02968,889.5
P00030,889.0
P00887,889.0
P02239,889.0
P04581,889.0
P04136,889.0
P03316,888.5
P04505,888.5
P03745,888.0
P01947,888.0
P02087,887.5
P02160,887.5
P02917,887.0
P03442,887.0
P02170,887.0
P02963,887.0
P02492,886.5
P02450,886.5
P03934,886.5
P02344,886.5
P03477,886.5
P00065,886.0
P02857,886.0
P04132,886.0
P02203,885.5
P04737,885.5
P01206,885.0
P04284,884.0
P03723,884.0
P02667,883.5
P01616,883.5
P01119,883.5
P00351,883.5
P01009,883.5
P04884,883.0
P02014,883.0
P00263,883.0
P00944,882.0
P03806,881.5
P01252,881.0
P04741,881.0
P04931,880.5
P02367,880.5
P03342,880.5
P03114,880.0
P03620,880.0
P03391,880.0
P04588,880.0
P00964,879.5
P03684,879.5
P00571,879.5
P03979,879.5
P04656,879.0
P03968,879.0
P01220,878.5
P01310,878.5
P03526,878.5
P02423,878.5
P01582,878.5
P00857,877.5
P02797,877.0
P00537,877.0
P00054,877.0
P00220,876.5
P04855,876.5
P01712,876.0
P02162,876.0
P03484,876.0
P01183,876.0
P02648,876.0
P02879,875.0
P04111,874.5
P01377,874.5
P04050,874.5
P03514,874.5
P02028,874.0
P03769,874.0
P03799,874.0
P01190,873.0
P04319,873.0
P02894,872.5
P02701,872.5
P01620,872.0
P03889,872.0
P00930,871.5
P00492,871.5
P00314,871.5
P01430,870.5
P04617,870.5
P03037,870.5
P03218,870.5
P00667,869.5
P00055,869.5
P02365,869.0
P04878,869.0
P00245,869.0
P01016,868.0
P03765,867.0
P01410,867.0
P02717,867.0
P02227,866.5
P02764,866.5
P01849,866.0
P04400,865.5
P01877,865.0
P03611,865.0
P00549,865.0
P01528,864.5
P03643,864.0
P04647,864.0
P03294,864.0
P04846,863.0
P03744,863.0
P02501,862.0
P00845,862.0
P03991,862.0
P01334,862.0
P01707,861.0
P00016,861.0
P04068,860.0
P02866,860.0
P01424,859.5
P01123,859.5
P03047,858.5
P00569,858.0
P00864,858.0
P02111,857.0
P01614,856.5
P04852,856.5
P02706,855.5
P02848,855.5
P04339,855.5
P03032,855.0
P03270,854.5
P01370,854.5
P01818,854.5
P04638,854.0
P02210,853.5
P00598,852.0
P00849,852.0
P02123,852.0
P02119,851.5
P04516,851.5
P04381,851.5
P03645,851.0
P02940,851.0
P03456,850.5
P04667,850.5
P00190,850.0
P02238,849.0
P03931,849.0
P00631,848.5
P02286,848.5
P03295,847.5
P02496,847.5
P04170,846.5
P00415,845.5
P00151,845.5
P02869,845.5
P00447,844.5
P04241,844.5
P00292,844.5
P02789,843.0
P00281,842.5
P04231,842.0
P02215,841.5
P01480,841.5
P00199,841.0
P02154,840.5
P04925,840.5
P03710,839.0
P03631,838.5
P02226,838.0
P02491,837.5
P04901,837.0
P03594,836.5
P04657,835.5
P04144,835.5
P00221,835.5
P04006,835.0
P01684,834.5
P00724,832.0
P03698,831.5
P02854,830.5
P01143,827.0
P01352,826.5
P02421,826.0
P02923,824.0
P04000,822.5
P03641,822.0
P04115,822.0
P04398,819.0
P03050,819.0
P01164,818.0
P03496,816.5
P01445,816.0
P04513,815.5
P04507,814.5
P04359,811.5
P03831,810.5
P00156,808.5
P04458,806.0
P03223,804.5
P02251,798.5
P04694,798.0
P01012,794.5
P00121,794.0
P04311,787.0
P04212,782.0
